CREATE DATABASE  IF NOT EXISTS `chating` /*!40100 DEFAULT CHARACTER SET utf8 */ /*!80016 DEFAULT ENCRYPTION='N' */;
USE `chating`;
-- MySQL dump 10.13  Distrib 8.0.19, for Win64 (x86_64)
--
-- Host: localhost    Database: chating
-- ------------------------------------------------------
-- Server version	8.0.19

/*!40101 SET @OLD_CHARACTER_SET_CLIENT=@@CHARACTER_SET_CLIENT */;
/*!40101 SET @OLD_CHARACTER_SET_RESULTS=@@CHARACTER_SET_RESULTS */;
/*!40101 SET @OLD_COLLATION_CONNECTION=@@COLLATION_CONNECTION */;
/*!50503 SET NAMES utf8 */;
/*!40103 SET @OLD_TIME_ZONE=@@TIME_ZONE */;
/*!40103 SET TIME_ZONE='+00:00' */;
/*!40014 SET @OLD_UNIQUE_CHECKS=@@UNIQUE_CHECKS, UNIQUE_CHECKS=0 */;
/*!40014 SET @OLD_FOREIGN_KEY_CHECKS=@@FOREIGN_KEY_CHECKS, FOREIGN_KEY_CHECKS=0 */;
/*!40101 SET @OLD_SQL_MODE=@@SQL_MODE, SQL_MODE='NO_AUTO_VALUE_ON_ZERO' */;
/*!40111 SET @OLD_SQL_NOTES=@@SQL_NOTES, SQL_NOTES=0 */;

--
-- Table structure for table `_group`
--

DROP TABLE IF EXISTS `_group`;
/*!40101 SET @saved_cs_client     = @@character_set_client */;
/*!50503 SET character_set_client = utf8mb4 */;
CREATE TABLE `_group` (
  `group_name` varchar(50) NOT NULL,
  `group_manager_id` char(100) NOT NULL,
  `group_avatar` char(255) NOT NULL,
  `group_reg_time` datetime NOT NULL,
  `group_type` int NOT NULL,
  `group_id` varchar(36) NOT NULL,
  PRIMARY KEY (`group_id`),
  UNIQUE KEY `IDX_9411506168cdb4f4bef9f514b6` (`group_name`)
) ENGINE=InnoDB DEFAULT CHARSET=utf8;
/*!40101 SET character_set_client = @saved_cs_client */;

--
-- Dumping data for table `_group`
--

LOCK TABLES `_group` WRITE;
/*!40000 ALTER TABLE `_group` DISABLE KEYS */;
INSERT INTO `_group` VALUES ('Angel','45936ce9-9372-4eb7-b2e0-4539e1256b7f','https://s2.ax1x.com/2020/02/02/1Ynrz4.jpg','2020-01-14 15:54:47',0,'3f073b06-c7e2-493b-91ed-36878d0e7655');
/*!40000 ALTER TABLE `_group` ENABLE KEYS */;
UNLOCK TABLES;

--
-- Table structure for table `dialog`
--

DROP TABLE IF EXISTS `dialog`;
/*!40101 SET @saved_cs_client     = @@character_set_client */;
/*!50503 SET character_set_client = utf8mb4 */;
CREATE TABLE `dialog` (
  `dialog_id` int NOT NULL AUTO_INCREMENT,
  `dialog_from_id` char(100) NOT NULL,
  `dialog_target_id` char(100) NOT NULL,
  `dialog_last_time` datetime NOT NULL,
  `last_message_id` int DEFAULT NULL,
  PRIMARY KEY (`dialog_id`)
) ENGINE=InnoDB AUTO_INCREMENT=60 DEFAULT CHARSET=utf8;
/*!40101 SET character_set_client = @saved_cs_client */;

--
-- Dumping data for table `dialog`
--

LOCK TABLES `dialog` WRITE;
/*!40000 ALTER TABLE `dialog` DISABLE KEYS */;
INSERT INTO `dialog` VALUES (2,'680879a8-f6c0-4c98-9098-2fec30734206','45936ce9-9372-4eb7-b2e0-4539e1256b7f','2020-01-24 19:12:16',206),(4,'5b7c1619-65d6-4713-a2fe-432233046d13','45936ce9-9372-4eb7-b2e0-4539e1256b7f','2020-01-24 19:35:09',220),(5,'45936ce9-9372-4eb7-b2e0-4539e1256b7f','6856d95e-0f01-475b-b406-bf7a09739f8f','2020-01-24 19:35:15',221),(6,'6856d95e-0f01-475b-b406-bf7a09739f8f','45936ce9-9372-4eb7-b2e0-4539e1256b7f','2020-01-24 19:35:15',221),(7,'45936ce9-9372-4eb7-b2e0-4539e1256b7f','fe4fa6b3-04ef-4524-be1b-94d906c1424d','2020-02-02 14:06:16',263),(8,'fe4fa6b3-04ef-4524-be1b-94d906c1424d','45936ce9-9372-4eb7-b2e0-4539e1256b7f','2020-02-02 14:06:16',263),(9,'45936ce9-9372-4eb7-b2e0-4539e1256b7f','3f073b06-c7e2-493b-91ed-36878d0e7655','2020-02-22 22:12:32',531),(11,'45936ce9-9372-4eb7-b2e0-4539e1256b7f','5b7c1619-65d6-4713-a2fe-432233046d13','2020-01-24 19:35:09',220),(12,'259c33ed-e7f7-433b-ba3d-4b0bd751b95f','45936ce9-9372-4eb7-b2e0-4539e1256b7f','2020-01-21 14:15:10',51),(13,'45936ce9-9372-4eb7-b2e0-4539e1256b7f','259c33ed-e7f7-433b-ba3d-4b0bd751b95f','2020-01-21 14:15:10',51),(14,'45936ce9-9372-4eb7-b2e0-4539e1256b7f','680879a8-f6c0-4c98-9098-2fec30734206','2020-01-24 19:12:16',206),(15,'fe4fa6b3-04ef-4524-be1b-94d906c1424d','3f073b06-c7e2-493b-91ed-36878d0e7655','2020-02-22 22:12:32',531),(16,'5b7c1619-65d6-4713-a2fe-432233046d13','3f073b06-c7e2-493b-91ed-36878d0e7655','2020-02-22 22:12:32',531),(17,'c5ffa656-6269-4f29-a458-89c8218e3da3','3f073b06-c7e2-493b-91ed-36878d0e7655','2020-02-22 22:12:32',531),(18,'6856d95e-0f01-475b-b406-bf7a09739f8f','3f073b06-c7e2-493b-91ed-36878d0e7655','2020-01-21 16:40:56',74),(19,'680879a8-f6c0-4c98-9098-2fec30734206','3f073b06-c7e2-493b-91ed-36878d0e7655','2020-01-24 18:28:24',196),(20,'6e8e2647-b40d-4358-a34e-1dd351f3570a','3f073b06-c7e2-493b-91ed-36878d0e7655','2020-02-22 22:12:32',531),(21,'94d79ccd-0594-42ff-9b0c-25c749e536ea','3f073b06-c7e2-493b-91ed-36878d0e7655','2020-02-22 22:12:32',531),(22,'2ca7a915-043d-49a8-8d81-f3d5ac25caf1','3f073b06-c7e2-493b-91ed-36878d0e7655','2020-02-22 22:12:32',531),(23,'33eaba35-288a-43cd-a219-dc94fd0a59ce','3f073b06-c7e2-493b-91ed-36878d0e7655','2020-02-22 22:12:32',531),(28,'33eaba35-288a-43cd-a219-dc94fd0a59ce','45936ce9-9372-4eb7-b2e0-4539e1256b7f','2020-01-29 22:41:29',260),(29,'45936ce9-9372-4eb7-b2e0-4539e1256b7f','33eaba35-288a-43cd-a219-dc94fd0a59ce','2020-01-29 22:41:29',260),(30,'45936ce9-9372-4eb7-b2e0-4539e1256b7f','fe4fa6b3-04ef-4524-be1b-94d906c1424d','2020-02-02 14:06:16',263),(31,'fe4fa6b3-04ef-4524-be1b-94d906c1424d','45936ce9-9372-4eb7-b2e0-4539e1256b7f','2020-02-02 14:06:16',263),(32,'33eaba35-288a-43cd-a219-dc94fd0a59ce','680879a8-f6c0-4c98-9098-2fec30734206','2020-02-22 22:11:24',527),(33,'680879a8-f6c0-4c98-9098-2fec30734206','33eaba35-288a-43cd-a219-dc94fd0a59ce','2020-02-22 22:11:24',527),(34,'33eaba35-288a-43cd-a219-dc94fd0a59ce','5b7c1619-65d6-4713-a2fe-432233046d13','2020-02-02 14:21:49',NULL),(35,'5b7c1619-65d6-4713-a2fe-432233046d13','33eaba35-288a-43cd-a219-dc94fd0a59ce','2020-02-02 14:21:49',NULL),(42,'33eaba35-288a-43cd-a219-dc94fd0a59ce','fe4fa6b3-04ef-4524-be1b-94d906c1424d','2020-02-02 14:35:53',NULL),(43,'fe4fa6b3-04ef-4524-be1b-94d906c1424d','33eaba35-288a-43cd-a219-dc94fd0a59ce','2020-02-02 14:35:53',NULL),(44,'8d818a76-ee38-4ae3-9299-7da37c59ec95','3f073b06-c7e2-493b-91ed-36878d0e7655','2020-02-22 22:12:32',531),(51,'33eaba35-288a-43cd-a219-dc94fd0a59ce','8d818a76-ee38-4ae3-9299-7da37c59ec95','2020-02-08 19:04:04',502),(52,'8d818a76-ee38-4ae3-9299-7da37c59ec95','33eaba35-288a-43cd-a219-dc94fd0a59ce','2020-02-08 19:04:04',502),(53,'f9613f13-fe9d-447a-9bf5-7ad5e8695aec','3f073b06-c7e2-493b-91ed-36878d0e7655','2020-02-22 22:12:32',531),(54,'f9613f13-fe9d-447a-9bf5-7ad5e8695aec','8d818a76-ee38-4ae3-9299-7da37c59ec95','2020-02-02 15:37:02',283),(55,'8d818a76-ee38-4ae3-9299-7da37c59ec95','f9613f13-fe9d-447a-9bf5-7ad5e8695aec','2020-02-02 15:37:02',283),(56,'b623ab54-a3fe-439a-82fc-f34c4b9ed3a8','3f073b06-c7e2-493b-91ed-36878d0e7655','2020-02-28 15:32:36',531),(57,'2e94e4a2-d949-4057-a1bf-a12773daa9a7','3f073b06-c7e2-493b-91ed-36878d0e7655','2020-02-28 15:37:02',531),(58,'2e94e4a2-d949-4057-a1bf-a12773daa9a7','33eaba35-288a-43cd-a219-dc94fd0a59ce','2020-02-28 15:37:21',NULL),(59,'33eaba35-288a-43cd-a219-dc94fd0a59ce','2e94e4a2-d949-4057-a1bf-a12773daa9a7','2020-02-28 15:37:21',NULL);
/*!40000 ALTER TABLE `dialog` ENABLE KEYS */;
UNLOCK TABLES;

--
-- Table structure for table `expression`
--

DROP TABLE IF EXISTS `expression`;
/*!40101 SET @saved_cs_client     = @@character_set_client */;
/*!50503 SET character_set_client = utf8mb4 */;
CREATE TABLE `expression` (
  `expression_id` int NOT NULL AUTO_INCREMENT,
  `expression_type` int NOT NULL,
  `expression_url` char(255) NOT NULL,
  PRIMARY KEY (`expression_id`)
) ENGINE=InnoDB DEFAULT CHARSET=utf8;
/*!40101 SET character_set_client = @saved_cs_client */;

--
-- Dumping data for table `expression`
--

LOCK TABLES `expression` WRITE;
/*!40000 ALTER TABLE `expression` DISABLE KEYS */;
/*!40000 ALTER TABLE `expression` ENABLE KEYS */;
UNLOCK TABLES;

--
-- Table structure for table `expression_collection`
--

DROP TABLE IF EXISTS `expression_collection`;
/*!40101 SET @saved_cs_client     = @@character_set_client */;
/*!50503 SET character_set_client = utf8mb4 */;
CREATE TABLE `expression_collection` (
  `expression_id` int NOT NULL,
  `user_id` varchar(255) NOT NULL,
  PRIMARY KEY (`expression_id`,`user_id`)
) ENGINE=InnoDB DEFAULT CHARSET=utf8;
/*!40101 SET character_set_client = @saved_cs_client */;

--
-- Dumping data for table `expression_collection`
--

LOCK TABLES `expression_collection` WRITE;
/*!40000 ALTER TABLE `expression_collection` DISABLE KEYS */;
/*!40000 ALTER TABLE `expression_collection` ENABLE KEYS */;
UNLOCK TABLES;

--
-- Table structure for table `friendship`
--

DROP TABLE IF EXISTS `friendship`;
/*!40101 SET @saved_cs_client     = @@character_set_client */;
/*!50503 SET character_set_client = utf8mb4 */;
CREATE TABLE `friendship` (
  `add_friend_time` datetime NOT NULL,
  `agree_time` datetime DEFAULT NULL,
  `friendship_state` int NOT NULL,
  `friendship_type` int NOT NULL,
  `top_if` int NOT NULL,
  `from_user_id` varchar(255) NOT NULL,
  `to_user_id` varchar(255) NOT NULL,
  PRIMARY KEY (`from_user_id`,`to_user_id`)
) ENGINE=InnoDB DEFAULT CHARSET=utf8;
/*!40101 SET character_set_client = @saved_cs_client */;

--
-- Dumping data for table `friendship`
--

LOCK TABLES `friendship` WRITE;
/*!40000 ALTER TABLE `friendship` DISABLE KEYS */;
INSERT INTO `friendship` VALUES ('2020-02-28 15:37:21','2020-02-28 15:37:21',1,0,0,'2e94e4a2-d949-4057-a1bf-a12773daa9a7','33eaba35-288a-43cd-a219-dc94fd0a59ce'),('2020-02-02 14:09:53','2020-02-02 14:09:53',1,0,0,'33eaba35-288a-43cd-a219-dc94fd0a59ce','680879a8-f6c0-4c98-9098-2fec30734206'),('2020-02-02 14:56:04','2020-02-02 14:56:04',1,0,0,'33eaba35-288a-43cd-a219-dc94fd0a59ce','8d818a76-ee38-4ae3-9299-7da37c59ec95'),('2020-01-25 11:42:08','2020-01-25 11:42:08',1,0,0,'45936ce9-9372-4eb7-b2e0-4539e1256b7f','33eaba35-288a-43cd-a219-dc94fd0a59ce'),('2020-01-20 13:31:01','2020-01-20 13:31:01',1,0,0,'45936ce9-9372-4eb7-b2e0-4539e1256b7f','680879a8-f6c0-4c98-9098-2fec30734206'),('2020-02-02 14:05:11','2020-02-02 14:05:11',1,0,0,'45936ce9-9372-4eb7-b2e0-4539e1256b7f','fe4fa6b3-04ef-4524-be1b-94d906c1424d'),('2020-02-02 15:34:07','2020-02-02 15:34:07',1,0,0,'f9613f13-fe9d-447a-9bf5-7ad5e8695aec','8d818a76-ee38-4ae3-9299-7da37c59ec95');
/*!40000 ALTER TABLE `friendship` ENABLE KEYS */;
UNLOCK TABLES;

--
-- Table structure for table `group_relationship`
--

DROP TABLE IF EXISTS `group_relationship`;
/*!40101 SET @saved_cs_client     = @@character_set_client */;
/*!50503 SET character_set_client = utf8mb4 */;
CREATE TABLE `group_relationship` (
  `top_if` int NOT NULL,
  `group_member_type` char(10) NOT NULL,
  `user_id` varchar(255) NOT NULL,
  `group_id` varchar(255) NOT NULL,
  PRIMARY KEY (`user_id`,`group_id`)
) ENGINE=InnoDB DEFAULT CHARSET=utf8;
/*!40101 SET character_set_client = @saved_cs_client */;

--
-- Dumping data for table `group_relationship`
--

LOCK TABLES `group_relationship` WRITE;
/*!40000 ALTER TABLE `group_relationship` DISABLE KEYS */;
INSERT INTO `group_relationship` VALUES (0,'普通','2ca7a915-043d-49a8-8d81-f3d5ac25caf1','3f073b06-c7e2-493b-91ed-36878d0e7655'),(0,'普通','2e94e4a2-d949-4057-a1bf-a12773daa9a7','3f073b06-c7e2-493b-91ed-36878d0e7655'),(0,'普通','33eaba35-288a-43cd-a219-dc94fd0a59ce','3f073b06-c7e2-493b-91ed-36878d0e7655'),(0,'群主','45936ce9-9372-4eb7-b2e0-4539e1256b7f','3f073b06-c7e2-493b-91ed-36878d0e7655'),(0,'普通','5b7c1619-65d6-4713-a2fe-432233046d13','3f073b06-c7e2-493b-91ed-36878d0e7655'),(0,'普通','6e8e2647-b40d-4358-a34e-1dd351f3570a','3f073b06-c7e2-493b-91ed-36878d0e7655'),(0,'普通','8d818a76-ee38-4ae3-9299-7da37c59ec95','3f073b06-c7e2-493b-91ed-36878d0e7655'),(0,'普通','94d79ccd-0594-42ff-9b0c-25c749e536ea','3f073b06-c7e2-493b-91ed-36878d0e7655'),(0,'普通','b623ab54-a3fe-439a-82fc-f34c4b9ed3a8','3f073b06-c7e2-493b-91ed-36878d0e7655'),(0,'普通','c5ffa656-6269-4f29-a458-89c8218e3da3','3f073b06-c7e2-493b-91ed-36878d0e7655'),(0,'普通','f9613f13-fe9d-447a-9bf5-7ad5e8695aec','3f073b06-c7e2-493b-91ed-36878d0e7655'),(0,'普通','fe4fa6b3-04ef-4524-be1b-94d906c1424d','3f073b06-c7e2-493b-91ed-36878d0e7655');
/*!40000 ALTER TABLE `group_relationship` ENABLE KEYS */;
UNLOCK TABLES;

--
-- Table structure for table `info`
--

DROP TABLE IF EXISTS `info`;
/*!40101 SET @saved_cs_client     = @@character_set_client */;
/*!50503 SET character_set_client = utf8mb4 */;
CREATE TABLE `info` (
  `info_id` int NOT NULL AUTO_INCREMENT,
  `info_from_id` char(100) NOT NULL,
  `info_to_id` char(100) NOT NULL,
  `info_type` int NOT NULL,
  `info_content` char(255) NOT NULL,
  `info_content_type` char(50) NOT NULL,
  `info_created_time` datetime NOT NULL,
  `info_state` int NOT NULL,
  PRIMARY KEY (`info_id`)
) ENGINE=InnoDB AUTO_INCREMENT=11 DEFAULT CHARSET=utf8;
/*!40101 SET character_set_client = @saved_cs_client */;

--
-- Dumping data for table `info`
--

LOCK TABLES `info` WRITE;
/*!40000 ALTER TABLE `info` DISABLE KEYS */;
INSERT INTO `info` VALUES (5,'45936ce9-9372-4eb7-b2e0-4539e1256b7f','680879a8-f6c0-4c98-9098-2fec30734206',1,'你好呀,我是Angel','text','2020-01-08 18:49:20',0),(6,'680879a8-f6c0-4c98-9098-2fec30734206','45936ce9-9372-4eb7-b2e0-4539e1256b7f',2,'已同意','text','2020-01-08 18:50:08',0),(8,'33eaba35-288a-43cd-a219-dc94fd0a59ce','45936ce9-9372-4eb7-b2e0-4539e1256b7f',2,'已同意','text','2020-01-24 19:57:37',0),(9,'33eaba35-288a-43cd-a219-dc94fd0a59ce','45936ce9-9372-4eb7-b2e0-4539e1256b7f',2,'已同意','text','2020-01-25 11:37:58',0),(10,'33eaba35-288a-43cd-a219-dc94fd0a59ce','45936ce9-9372-4eb7-b2e0-4539e1256b7f',2,'已同意','text','2020-01-25 11:42:08',0);
/*!40000 ALTER TABLE `info` ENABLE KEYS */;
UNLOCK TABLES;

--
-- Table structure for table `message`
--

DROP TABLE IF EXISTS `message`;
/*!40101 SET @saved_cs_client     = @@character_set_client */;
/*!50503 SET character_set_client = utf8mb4 */;
CREATE TABLE `message` (
  `message_id` int NOT NULL AUTO_INCREMENT,
  `message_from_id` char(100) NOT NULL,
  `message_to_id` char(100) NOT NULL,
  `message_type` int NOT NULL,
  `message_content` text NOT NULL,
  `message_content_type` char(20) NOT NULL,
  `message_created_time` datetime NOT NULL,
  `message_state` int NOT NULL,
  PRIMARY KEY (`message_id`)
) ENGINE=InnoDB AUTO_INCREMENT=532 DEFAULT CHARSET=utf8;
/*!40101 SET character_set_client = @saved_cs_client */;

--
-- Dumping data for table `message`
--

LOCK TABLES `message` WRITE;
/*!40000 ALTER TABLE `message` DISABLE KEYS */;
INSERT INTO `message` VALUES (1,'6856d95e-0f01-475b-b406-bf7a09739f8f','3f073b06-c7e2-493b-91ed-36878d0e7655',1,'hello world!!!大家好呀','text','2020-01-14 20:06:05',1),(2,'6856d95e-0f01-475b-b406-bf7a09739f8f','3f073b06-c7e2-493b-91ed-36878d0e7655',1,'hello world!!!大家好呀','text','2020-01-14 20:09:08',1),(3,'6856d95e-0f01-475b-b406-bf7a09739f8f','3f073b06-c7e2-493b-91ed-36878d0e7655',1,'hello world!!!大家好呀','text','2020-01-14 20:09:55',1),(4,'51f184cf-8f57-4f40-9c2f-0f6bf7fdff41','3f073b06-c7e2-493b-91ed-36878d0e7655',1,'你是谁？？？','text','2020-01-19 14:58:11',1),(5,'51f184cf-8f57-4f40-9c2f-0f6bf7fdff41','6856d95e-0f01-475b-b406-bf7a09739f8f',0,'hello?','text','2020-01-19 14:59:00',1),(6,'6856d95e-0f01-475b-b406-bf7a09739f8f','3f073b06-c7e2-493b-91ed-36878d0e7655',1,'我知道了','text','2020-01-19 15:36:00',1),(7,'45936ce9-9372-4eb7-b2e0-4539e1256b7f','3f073b06-c7e2-493b-91ed-36878d0e7655',1,'你好呀世界!!!','text','2020-01-19 16:00:52',1),(8,'45936ce9-9372-4eb7-b2e0-4539e1256b7f','3f073b06-c7e2-493b-91ed-36878d0e7655',1,'你好呀世界!!!','text','2020-01-19 16:19:48',1),(9,'45936ce9-9372-4eb7-b2e0-4539e1256b7f','3f073b06-c7e2-493b-91ed-36878d0e7655',1,'你好呀世界!!!','text','2020-01-19 16:20:54',1),(10,'45936ce9-9372-4eb7-b2e0-4539e1256b7f','3f073b06-c7e2-493b-91ed-36878d0e7655',1,'你好呀世界!!!','text','2020-01-19 16:21:38',1),(11,'45936ce9-9372-4eb7-b2e0-4539e1256b7f','3f073b06-c7e2-493b-91ed-36878d0e7655',1,'你好呀世界!!!','text','2020-01-19 16:22:15',1),(12,'45936ce9-9372-4eb7-b2e0-4539e1256b7f','3f073b06-c7e2-493b-91ed-36878d0e7655',1,'世界!!!','text','2020-01-19 16:25:48',1),(13,'45936ce9-9372-4eb7-b2e0-4539e1256b7f','3f073b06-c7e2-493b-91ed-36878d0e7655',1,'世界!!!','text','2020-01-19 16:28:26',1),(14,'45936ce9-9372-4eb7-b2e0-4539e1256b7f','3f073b06-c7e2-493b-91ed-36878d0e7655',1,'世界!!!','text','2020-01-19 16:29:16',1),(15,'45936ce9-9372-4eb7-b2e0-4539e1256b7f','3f073b06-c7e2-493b-91ed-36878d0e7655',1,'世!','text','2020-01-19 16:31:38',1),(16,'45936ce9-9372-4eb7-b2e0-4539e1256b7f','3f073b06-c7e2-493b-91ed-36878d0e7655',1,'jie!','text','2020-01-19 16:32:24',1),(17,'45936ce9-9372-4eb7-b2e0-4539e1256b7f','3f073b06-c7e2-493b-91ed-36878d0e7655',1,'jie!','text','2020-01-19 16:38:27',1),(18,'45936ce9-9372-4eb7-b2e0-4539e1256b7f','3f073b06-c7e2-493b-91ed-36878d0e7655',1,'你喜欢这个世界吗？？？','text','2020-01-19 16:40:18',1),(19,'45936ce9-9372-4eb7-b2e0-4539e1256b7f','3f073b06-c7e2-493b-91ed-36878d0e7655',1,'你喜欢这个世界吗？？？','text','2020-01-19 16:40:59',1),(20,'680879a8-f6c0-4c98-9098-2fec30734206','3f073b06-c7e2-493b-91ed-36878d0e7655',1,'我还挺喜欢这个世界的!!!','text','2020-01-19 16:42:04',1),(21,'680879a8-f6c0-4c98-9098-2fec30734206','3f073b06-c7e2-493b-91ed-36878d0e7655',1,'哈哈哈哈哈哈哈哈哈哈哈哈哈哈哈哈哈哈哈哈哈哈哈哈哈哈啊啊s','text','2020-01-19 16:42:32',1),(22,'45936ce9-9372-4eb7-b2e0-4539e1256b7f','680879a8-f6c0-4c98-9098-2fec30734206',0,'hello','text','2020-01-20 15:32:08',1),(23,'45936ce9-9372-4eb7-b2e0-4539e1256b7f','680879a8-f6c0-4c98-9098-2fec30734206',0,'我知道你是一个好人!!!','text','2020-01-20 15:34:21',1),(24,'45936ce9-9372-4eb7-b2e0-4539e1256b7f','3f073b06-c7e2-493b-91ed-36878d0e7655',1,'嘟嘟嘟','text','2020-01-20 15:36:56',1),(25,'45936ce9-9372-4eb7-b2e0-4539e1256b7f','680879a8-f6c0-4c98-9098-2fec30734206',0,'嘻嘻嘻','text','2020-01-20 16:03:15',1),(26,'45936ce9-9372-4eb7-b2e0-4539e1256b7f','680879a8-f6c0-4c98-9098-2fec30734206',0,'嘻嘻嘻','text','2020-01-20 16:53:32',1),(27,'45936ce9-9372-4eb7-b2e0-4539e1256b7f','680879a8-f6c0-4c98-9098-2fec30734206',0,'嗯','text','2020-01-20 16:54:51',1),(28,'45936ce9-9372-4eb7-b2e0-4539e1256b7f','5b7c1619-65d6-4713-a2fe-432233046d13',0,'嗯','text','2020-01-20 16:56:42',1),(29,'45936ce9-9372-4eb7-b2e0-4539e1256b7f','680879a8-f6c0-4c98-9098-2fec30734206',0,'嗯','text','2020-01-20 16:56:57',1),(30,'45936ce9-9372-4eb7-b2e0-4539e1256b7f','6856d95e-0f01-475b-b406-bf7a09739f8f',0,'嗯','text','2020-01-20 16:57:05',1),(31,'45936ce9-9372-4eb7-b2e0-4539e1256b7f','fe4fa6b3-04ef-4524-be1b-94d906c1424d',0,'嗯','text','2020-01-20 16:57:17',1),(32,'45936ce9-9372-4eb7-b2e0-4539e1256b7f','680879a8-f6c0-4c98-9098-2fec30734206',0,'嗯en','text','2020-01-20 17:02:43',1),(33,'45936ce9-9372-4eb7-b2e0-4539e1256b7f','680879a8-f6c0-4c98-9098-2fec30734206',0,'嗯enen','text','2020-01-20 17:04:28',1),(34,'45936ce9-9372-4eb7-b2e0-4539e1256b7f','680879a8-f6c0-4c98-9098-2fec30734206',0,'嗯enenhaha','text','2020-01-20 17:06:35',1),(35,'45936ce9-9372-4eb7-b2e0-4539e1256b7f','680879a8-f6c0-4c98-9098-2fec30734206',0,'嗯xixixi','text','2020-01-20 17:11:55',1),(36,'45936ce9-9372-4eb7-b2e0-4539e1256b7f','3f073b06-c7e2-493b-91ed-36878d0e7655',1,'嗯好的','text','2020-01-20 19:56:09',1),(37,'45936ce9-9372-4eb7-b2e0-4539e1256b7f','3f073b06-c7e2-493b-91ed-36878d0e7655',1,'嘻嘻嘻，我知道了','text','2020-01-20 20:55:04',1),(38,'5b7c1619-65d6-4713-a2fe-432233046d13','45936ce9-9372-4eb7-b2e0-4539e1256b7f',0,'好的','text','2020-01-21 13:35:32',1),(39,'5b7c1619-65d6-4713-a2fe-432233046d13','45936ce9-9372-4eb7-b2e0-4539e1256b7f',0,'No','text','2020-01-21 13:37:35',1),(40,'5b7c1619-65d6-4713-a2fe-432233046d13','45936ce9-9372-4eb7-b2e0-4539e1256b7f',0,'Ok','text','2020-01-21 13:42:35',1),(41,'5b7c1619-65d6-4713-a2fe-432233046d13','45936ce9-9372-4eb7-b2e0-4539e1256b7f',0,'你这个臭弟弟','text','2020-01-21 13:42:56',1),(42,'5b7c1619-65d6-4713-a2fe-432233046d13','45936ce9-9372-4eb7-b2e0-4539e1256b7f',0,'look it!!!','text','2020-01-21 13:50:03',1),(43,'5b7c1619-65d6-4713-a2fe-432233046d13','45936ce9-9372-4eb7-b2e0-4539e1256b7f',0,'我知道你知道','text','2020-01-21 13:52:32',1),(44,'5b7c1619-65d6-4713-a2fe-432233046d13','45936ce9-9372-4eb7-b2e0-4539e1256b7f',0,'gei ye gun','text','2020-01-21 13:52:55',1),(45,'5b7c1619-65d6-4713-a2fe-432233046d13','45936ce9-9372-4eb7-b2e0-4539e1256b7f',0,'不是吧','text','2020-01-21 13:55:11',1),(46,'5b7c1619-65d6-4713-a2fe-432233046d13','45936ce9-9372-4eb7-b2e0-4539e1256b7f',0,'明白了','text','2020-01-21 13:55:24',1),(47,'5b7c1619-65d6-4713-a2fe-432233046d13','45936ce9-9372-4eb7-b2e0-4539e1256b7f',0,'明白了','text','2020-01-21 14:06:16',1),(48,'5b7c1619-65d6-4713-a2fe-432233046d13','45936ce9-9372-4eb7-b2e0-4539e1256b7f',0,'明白了','text','2020-01-21 14:06:33',1),(49,'fe4fa6b3-04ef-4524-be1b-94d906c1424d','45936ce9-9372-4eb7-b2e0-4539e1256b7f',0,'好的哦','text','2020-01-21 14:13:52',1),(50,'fe4fa6b3-04ef-4524-be1b-94d906c1424d','45936ce9-9372-4eb7-b2e0-4539e1256b7f',0,'知道了','text','2020-01-21 14:14:09',1),(51,'259c33ed-e7f7-433b-ba3d-4b0bd751b95f','45936ce9-9372-4eb7-b2e0-4539e1256b7f',0,'你说呢','text','2020-01-21 14:15:10',1),(52,'680879a8-f6c0-4c98-9098-2fec30734206','45936ce9-9372-4eb7-b2e0-4539e1256b7f',0,'亲，你好哦','text','2020-01-21 14:17:08',1),(53,'5b7c1619-65d6-4713-a2fe-432233046d13','45936ce9-9372-4eb7-b2e0-4539e1256b7f',0,'nice to meet you','text','2020-01-21 14:42:14',1),(54,'680879a8-f6c0-4c98-9098-2fec30734206','45936ce9-9372-4eb7-b2e0-4539e1256b7f',0,'oo','text','2020-01-21 15:12:44',1),(55,'680879a8-f6c0-4c98-9098-2fec30734206','45936ce9-9372-4eb7-b2e0-4539e1256b7f',0,'fine','text','2020-01-21 15:12:56',1),(56,'680879a8-f6c0-4c98-9098-2fec30734206','45936ce9-9372-4eb7-b2e0-4539e1256b7f',0,'nice','text','2020-01-21 15:13:13',1),(57,'fe4fa6b3-04ef-4524-be1b-94d906c1424d','45936ce9-9372-4eb7-b2e0-4539e1256b7f',0,'just do it','text','2020-01-21 15:14:02',1),(58,'fe4fa6b3-04ef-4524-be1b-94d906c1424d','3f073b06-c7e2-493b-91ed-36878d0e7655',1,'go baby','text','2020-01-21 15:15:11',1),(59,'fe4fa6b3-04ef-4524-be1b-94d906c1424d','3f073b06-c7e2-493b-91ed-36878d0e7655',1,'go go go','text','2020-01-21 16:07:51',1),(60,'fe4fa6b3-04ef-4524-be1b-94d906c1424d','45936ce9-9372-4eb7-b2e0-4539e1256b7f',0,'nice baby','text','2020-01-21 16:10:18',1),(61,'fe4fa6b3-04ef-4524-be1b-94d906c1424d','45936ce9-9372-4eb7-b2e0-4539e1256b7f',0,'冲','text','2020-01-21 16:10:37',1),(62,'fe4fa6b3-04ef-4524-be1b-94d906c1424d','3f073b06-c7e2-493b-91ed-36878d0e7655',1,'美梦','text','2020-01-21 16:11:14',1),(63,'fe4fa6b3-04ef-4524-be1b-94d906c1424d','3f073b06-c7e2-493b-91ed-36878d0e7655',1,'wuddi','text','2020-01-21 16:12:16',1),(64,'fe4fa6b3-04ef-4524-be1b-94d906c1424d','3f073b06-c7e2-493b-91ed-36878d0e7655',1,'你是谁','text','2020-01-21 16:31:51',1),(65,'45936ce9-9372-4eb7-b2e0-4539e1256b7f','3f073b06-c7e2-493b-91ed-36878d0e7655',1,'我是...','text','2020-01-21 16:32:47',1),(66,'5b7c1619-65d6-4713-a2fe-432233046d13','3f073b06-c7e2-493b-91ed-36878d0e7655',1,'你不是','text','2020-01-21 16:33:14',1),(67,'5b7c1619-65d6-4713-a2fe-432233046d13','45936ce9-9372-4eb7-b2e0-4539e1256b7f',0,'my friend','text','2020-01-21 16:33:44',1),(68,'5b7c1619-65d6-4713-a2fe-432233046d13','3f073b06-c7e2-493b-91ed-36878d0e7655',1,'ye','text','2020-01-21 16:34:45',1),(69,'5b7c1619-65d6-4713-a2fe-432233046d13','45936ce9-9372-4eb7-b2e0-4539e1256b7f',0,'go man','text','2020-01-21 16:35:29',1),(70,'6856d95e-0f01-475b-b406-bf7a09739f8f','45936ce9-9372-4eb7-b2e0-4539e1256b7f',0,'一哈','text','2019-01-10 16:36:23',1),(71,'6856d95e-0f01-475b-b406-bf7a09739f8f','3f073b06-c7e2-493b-91ed-36878d0e7655',1,'明白','text','2020-01-21 16:36:56',1),(72,'6856d95e-0f01-475b-b406-bf7a09739f8f','3f073b06-c7e2-493b-91ed-36878d0e7655',1,'也吐了','text','2020-01-21 16:37:49',1),(73,'6856d95e-0f01-475b-b406-bf7a09739f8f','3f073b06-c7e2-493b-91ed-36878d0e7655',1,'enheng','text','2020-01-21 16:40:48',1),(74,'6856d95e-0f01-475b-b406-bf7a09739f8f','3f073b06-c7e2-493b-91ed-36878d0e7655',1,'好的','text','2020-01-21 16:40:56',1),(75,'680879a8-f6c0-4c98-9098-2fec30734206','3f073b06-c7e2-493b-91ed-36878d0e7655',1,'再见哦','text','2020-01-21 16:42:11',1),(76,'680879a8-f6c0-4c98-9098-2fec30734206','3f073b06-c7e2-493b-91ed-36878d0e7655',1,'再见哦','text','2020-01-21 18:06:44',1),(77,'680879a8-f6c0-4c98-9098-2fec30734206','3f073b06-c7e2-493b-91ed-36878d0e7655',1,'再见哦','text','2020-01-21 18:22:44',1),(78,'680879a8-f6c0-4c98-9098-2fec30734206','3f073b06-c7e2-493b-91ed-36878d0e7655',1,'再见哦','text','2020-01-21 18:32:16',1),(79,'680879a8-f6c0-4c98-9098-2fec30734206','3f073b06-c7e2-493b-91ed-36878d0e7655',1,'再见哦','text','2020-01-21 18:32:53',1),(80,'680879a8-f6c0-4c98-9098-2fec30734206','3f073b06-c7e2-493b-91ed-36878d0e7655',1,'再见哦','text','2020-01-21 18:35:34',1),(81,'680879a8-f6c0-4c98-9098-2fec30734206','3f073b06-c7e2-493b-91ed-36878d0e7655',1,'再见哦','text','2020-01-21 18:35:56',1),(82,'680879a8-f6c0-4c98-9098-2fec30734206','3f073b06-c7e2-493b-91ed-36878d0e7655',1,'再见哦','text','2020-01-21 18:46:53',1),(83,'680879a8-f6c0-4c98-9098-2fec30734206','3f073b06-c7e2-493b-91ed-36878d0e7655',1,'hey man','text','2020-01-21 18:47:11',1),(84,'680879a8-f6c0-4c98-9098-2fec30734206','3f073b06-c7e2-493b-91ed-36878d0e7655',1,'cool','text','2020-01-21 18:47:24',1),(85,'680879a8-f6c0-4c98-9098-2fec30734206','3f073b06-c7e2-493b-91ed-36878d0e7655',1,'nnnnnnnnnnnnnnnnnnn','text','2020-01-21 18:50:19',1),(86,'680879a8-f6c0-4c98-9098-2fec30734206','3f073b06-c7e2-493b-91ed-36878d0e7655',1,'nnnnnnnnnnnnnnnnnnn','text','2020-01-21 20:53:27',1),(87,'680879a8-f6c0-4c98-9098-2fec30734206','3f073b06-c7e2-493b-91ed-36878d0e7655',1,'nnnnnnnnnnnnnnnnnnn','text','2020-01-21 21:46:34',1),(88,'45936ce9-9372-4eb7-b2e0-4539e1256b7f','3f073b06-c7e2-493b-91ed-36878d0e7655',1,'冲鸭','text','2020-01-22 19:35:01',1),(89,'45936ce9-9372-4eb7-b2e0-4539e1256b7f','3f073b06-c7e2-493b-91ed-36878d0e7655',1,'乖','text','2020-01-22 19:35:36',1),(90,'45936ce9-9372-4eb7-b2e0-4539e1256b7f','3f073b06-c7e2-493b-91ed-36878d0e7655',1,'宝贝','text','2020-01-22 19:40:40',1),(91,'5b7c1619-65d6-4713-a2fe-432233046d13','45936ce9-9372-4eb7-b2e0-4539e1256b7f',0,'明天你好','text','2020-01-22 19:42:57',1),(92,'5b7c1619-65d6-4713-a2fe-432233046d13','45936ce9-9372-4eb7-b2e0-4539e1256b7f',0,'go','text','2020-01-22 19:43:22',1),(93,'45936ce9-9372-4eb7-b2e0-4539e1256b7f','3f073b06-c7e2-493b-91ed-36878d0e7655',1,'hello','text','2020-01-22 19:44:07',1),(94,'5b7c1619-65d6-4713-a2fe-432233046d13','45936ce9-9372-4eb7-b2e0-4539e1256b7f',0,'想你','text','2020-01-22 19:44:50',1),(95,'5b7c1619-65d6-4713-a2fe-432233046d13','45936ce9-9372-4eb7-b2e0-4539e1256b7f',0,'想你ya','text','2020-01-22 19:51:28',1),(96,'5b7c1619-65d6-4713-a2fe-432233046d13','45936ce9-9372-4eb7-b2e0-4539e1256b7f',0,'en','text','2020-01-22 19:55:01',1),(97,'5b7c1619-65d6-4713-a2fe-432233046d13','45936ce9-9372-4eb7-b2e0-4539e1256b7f',0,'hi','text','2020-01-22 19:58:19',1),(98,'45936ce9-9372-4eb7-b2e0-4539e1256b7f','3f073b06-c7e2-493b-91ed-36878d0e7655',1,'hi','text','2020-01-22 19:59:30',1),(99,'5b7c1619-65d6-4713-a2fe-432233046d13','45936ce9-9372-4eb7-b2e0-4539e1256b7f',0,'tu le','text','2020-01-22 19:59:59',1),(100,'5b7c1619-65d6-4713-a2fe-432233046d13','45936ce9-9372-4eb7-b2e0-4539e1256b7f',0,'hao de','text','2020-01-22 20:00:19',1),(101,'5b7c1619-65d6-4713-a2fe-432233046d13','45936ce9-9372-4eb7-b2e0-4539e1256b7f',0,'hao de','text','2020-01-22 20:01:01',1),(102,'680879a8-f6c0-4c98-9098-2fec30734206','3f073b06-c7e2-493b-91ed-36878d0e7655',1,'go go go','text','2020-01-22 20:03:22',1),(103,'680879a8-f6c0-4c98-9098-2fec30734206','45936ce9-9372-4eb7-b2e0-4539e1256b7f',0,'lai','text','2020-01-22 20:03:50',1),(104,'5b7c1619-65d6-4713-a2fe-432233046d13','45936ce9-9372-4eb7-b2e0-4539e1256b7f',0,'lai','text','2020-01-22 20:04:29',1),(105,'5b7c1619-65d6-4713-a2fe-432233046d13','3f073b06-c7e2-493b-91ed-36878d0e7655',1,'嘿嘿','text','2020-01-22 21:36:14',1),(106,'5b7c1619-65d6-4713-a2fe-432233046d13','45936ce9-9372-4eb7-b2e0-4539e1256b7f',0,'ga ga','text','2020-01-22 21:36:30',1),(107,'fe4fa6b3-04ef-4524-be1b-94d906c1424d','45936ce9-9372-4eb7-b2e0-4539e1256b7f',0,'晚安宝贝','text','2020-01-22 21:37:31',1),(108,'fe4fa6b3-04ef-4524-be1b-94d906c1424d','3f073b06-c7e2-493b-91ed-36878d0e7655',1,'晚安哦','text','2020-01-22 21:50:12',1),(109,'fe4fa6b3-04ef-4524-be1b-94d906c1424d','3f073b06-c7e2-493b-91ed-36878d0e7655',1,'嗯晚安！！','text','2020-01-22 21:50:31',1),(110,'fe4fa6b3-04ef-4524-be1b-94d906c1424d','3f073b06-c7e2-493b-91ed-36878d0e7655',1,'chong a','text','2020-01-23 16:30:16',1),(111,'fe4fa6b3-04ef-4524-be1b-94d906c1424d','3f073b06-c7e2-493b-91ed-36878d0e7655',1,'chong','text','2020-01-23 16:31:59',1),(112,'fe4fa6b3-04ef-4524-be1b-94d906c1424d','3f073b06-c7e2-493b-91ed-36878d0e7655',1,'chon','text','2020-01-23 16:42:43',1),(113,'fe4fa6b3-04ef-4524-be1b-94d906c1424d','3f073b06-c7e2-493b-91ed-36878d0e7655',1,'go baby','text','2020-01-23 16:44:38',1),(114,'fe4fa6b3-04ef-4524-be1b-94d906c1424d','3f073b06-c7e2-493b-91ed-36878d0e7655',1,'go','text','2020-01-23 16:45:42',1),(115,'fe4fa6b3-04ef-4524-be1b-94d906c1424d','3f073b06-c7e2-493b-91ed-36878d0e7655',1,'go gogo','text','2020-01-23 16:46:27',1),(116,'fe4fa6b3-04ef-4524-be1b-94d906c1424d','3f073b06-c7e2-493b-91ed-36878d0e7655',1,'chi fan','text','2020-01-23 16:48:14',1),(117,'fe4fa6b3-04ef-4524-be1b-94d906c1424d','3f073b06-c7e2-493b-91ed-36878d0e7655',1,'chi','text','2020-01-23 16:49:59',1),(118,'fe4fa6b3-04ef-4524-be1b-94d906c1424d','3f073b06-c7e2-493b-91ed-36878d0e7655',1,'bu chi','text','2020-01-23 17:03:37',1),(119,'fe4fa6b3-04ef-4524-be1b-94d906c1424d','3f073b06-c7e2-493b-91ed-36878d0e7655',1,'bu bu chi','text','2020-01-23 17:04:52',1),(120,'fe4fa6b3-04ef-4524-be1b-94d906c1424d','3f073b06-c7e2-493b-91ed-36878d0e7655',1,'bu bu','text','2020-01-23 17:06:24',1),(121,'fe4fa6b3-04ef-4524-be1b-94d906c1424d','3f073b06-c7e2-493b-91ed-36878d0e7655',1,'buha','text','2020-01-23 18:05:49',1),(122,'fe4fa6b3-04ef-4524-be1b-94d906c1424d','3f073b06-c7e2-493b-91ed-36878d0e7655',1,'bu','text','2020-01-23 18:09:30',1),(123,'fe4fa6b3-04ef-4524-be1b-94d906c1424d','3f073b06-c7e2-493b-91ed-36878d0e7655',1,'bua','text','2020-01-23 18:12:05',1),(124,'fe4fa6b3-04ef-4524-be1b-94d906c1424d','3f073b06-c7e2-493b-91ed-36878d0e7655',1,'mua','text','2020-01-23 18:45:44',1),(125,'fe4fa6b3-04ef-4524-be1b-94d906c1424d','3f073b06-c7e2-493b-91ed-36878d0e7655',1,'uma','text','2020-01-23 18:48:14',1),(126,'fe4fa6b3-04ef-4524-be1b-94d906c1424d','3f073b06-c7e2-493b-91ed-36878d0e7655',1,'tua','text','2020-01-23 18:49:26',1),(127,'fe4fa6b3-04ef-4524-be1b-94d906c1424d','3f073b06-c7e2-493b-91ed-36878d0e7655',1,'kua','text','2020-01-23 19:05:28',1),(128,'fe4fa6b3-04ef-4524-be1b-94d906c1424d','3f073b06-c7e2-493b-91ed-36878d0e7655',1,'dong','text','2020-01-23 19:08:39',1),(129,'fe4fa6b3-04ef-4524-be1b-94d906c1424d','3f073b06-c7e2-493b-91ed-36878d0e7655',1,'do','text','2020-01-23 19:10:31',1),(130,'fe4fa6b3-04ef-4524-be1b-94d906c1424d','3f073b06-c7e2-493b-91ed-36878d0e7655',1,'od','text','2020-01-23 19:12:40',1),(131,'fe4fa6b3-04ef-4524-be1b-94d906c1424d','3f073b06-c7e2-493b-91ed-36878d0e7655',1,'hua','text','2020-01-23 19:13:53',1),(132,'fe4fa6b3-04ef-4524-be1b-94d906c1424d','3f073b06-c7e2-493b-91ed-36878d0e7655',1,'hhh','text','2020-01-23 19:17:03',1),(133,'fe4fa6b3-04ef-4524-be1b-94d906c1424d','3f073b06-c7e2-493b-91ed-36878d0e7655',1,'xixixi','text','2020-01-23 19:17:13',1),(134,'fe4fa6b3-04ef-4524-be1b-94d906c1424d','3f073b06-c7e2-493b-91ed-36878d0e7655',1,'冲鸭','text','2020-01-23 19:23:06',1),(135,'fe4fa6b3-04ef-4524-be1b-94d906c1424d','3f073b06-c7e2-493b-91ed-36878d0e7655',1,'好鸭','text','2020-01-23 20:46:24',1),(136,'fe4fa6b3-04ef-4524-be1b-94d906c1424d','3f073b06-c7e2-493b-91ed-36878d0e7655',1,'好','text','2020-01-23 20:48:12',1),(137,'fe4fa6b3-04ef-4524-be1b-94d906c1424d','3f073b06-c7e2-493b-91ed-36878d0e7655',1,'go','text','2020-01-23 20:51:09',1),(138,'fe4fa6b3-04ef-4524-be1b-94d906c1424d','3f073b06-c7e2-493b-91ed-36878d0e7655',1,'no','text','2020-01-23 20:51:18',1),(139,'fe4fa6b3-04ef-4524-be1b-94d906c1424d','3f073b06-c7e2-493b-91ed-36878d0e7655',1,'quick','text','2020-01-23 20:51:24',1),(140,'fe4fa6b3-04ef-4524-be1b-94d906c1424d','3f073b06-c7e2-493b-91ed-36878d0e7655',1,'qui','text','2020-01-23 20:51:58',1),(141,'fe4fa6b3-04ef-4524-be1b-94d906c1424d','3f073b06-c7e2-493b-91ed-36878d0e7655',1,'enenen','text','2020-01-23 20:53:15',1),(142,'fe4fa6b3-04ef-4524-be1b-94d906c1424d','3f073b06-c7e2-493b-91ed-36878d0e7655',1,'ecool','text','2020-01-23 20:53:20',1),(143,'fe4fa6b3-04ef-4524-be1b-94d906c1424d','3f073b06-c7e2-493b-91ed-36878d0e7655',1,'明白了','text','2020-01-23 20:55:04',1),(144,'fe4fa6b3-04ef-4524-be1b-94d906c1424d','3f073b06-c7e2-493b-91ed-36878d0e7655',1,'hei hie hei','text','2020-01-23 20:55:33',1),(145,'fe4fa6b3-04ef-4524-be1b-94d906c1424d','3f073b06-c7e2-493b-91ed-36878d0e7655',1,'晚安','text','2020-01-23 20:57:45',1),(146,'fe4fa6b3-04ef-4524-be1b-94d906c1424d','3f073b06-c7e2-493b-91ed-36878d0e7655',1,'晚安哦','text','2020-01-23 21:18:46',1),(147,'fe4fa6b3-04ef-4524-be1b-94d906c1424d','3f073b06-c7e2-493b-91ed-36878d0e7655',1,'大家晚安','text','2020-01-23 21:19:09',1),(148,'fe4fa6b3-04ef-4524-be1b-94d906c1424d','3f073b06-c7e2-493b-91ed-36878d0e7655',1,'大家晚安haoya','text','2020-01-23 21:20:11',1),(149,'fe4fa6b3-04ef-4524-be1b-94d906c1424d','45936ce9-9372-4eb7-b2e0-4539e1256b7f',0,'en en','text','2020-01-23 21:21:08',1),(150,'fe4fa6b3-04ef-4524-be1b-94d906c1424d','45936ce9-9372-4eb7-b2e0-4539e1256b7f',0,'yiha','text','2020-01-23 21:23:22',1),(151,'fe4fa6b3-04ef-4524-be1b-94d906c1424d','3f073b06-c7e2-493b-91ed-36878d0e7655',1,'hei','text','2020-01-23 21:23:57',1),(152,'fe4fa6b3-04ef-4524-be1b-94d906c1424d','45936ce9-9372-4eb7-b2e0-4539e1256b7f',0,'hao ba','text','2020-01-23 21:40:38',1),(153,'fe4fa6b3-04ef-4524-be1b-94d906c1424d','3f073b06-c7e2-493b-91ed-36878d0e7655',1,'tu tu','text','2020-01-23 21:45:58',1),(154,'5b7c1619-65d6-4713-a2fe-432233046d13','45936ce9-9372-4eb7-b2e0-4539e1256b7f',0,'go man baby','text','2020-01-23 21:47:11',1),(155,'5b7c1619-65d6-4713-a2fe-432233046d13','3f073b06-c7e2-493b-91ed-36878d0e7655',1,'hello world','text','2020-01-24 12:00:36',1),(156,'5b7c1619-65d6-4713-a2fe-432233046d13','3f073b06-c7e2-493b-91ed-36878d0e7655',1,'冲鸭','text','2020-01-24 12:02:24',1),(157,'5b7c1619-65d6-4713-a2fe-432233046d13','3f073b06-c7e2-493b-91ed-36878d0e7655',1,'无敌是多么的寂寞','text','2020-01-24 12:03:15',1),(158,'45936ce9-9372-4eb7-b2e0-4539e1256b7f','3f073b06-c7e2-493b-91ed-36878d0e7655',1,'cool','text','2020-01-24 12:04:26',1),(159,'45936ce9-9372-4eb7-b2e0-4539e1256b7f','3f073b06-c7e2-493b-91ed-36878d0e7655',1,'aha','text','2020-01-24 12:28:06',1),(160,'45936ce9-9372-4eb7-b2e0-4539e1256b7f','3f073b06-c7e2-493b-91ed-36878d0e7655',1,'no','text','2020-01-24 12:28:37',1),(161,'45936ce9-9372-4eb7-b2e0-4539e1256b7f','3f073b06-c7e2-493b-91ed-36878d0e7655',1,'en','text','2020-01-24 12:29:51',1),(162,'45936ce9-9372-4eb7-b2e0-4539e1256b7f','3f073b06-c7e2-493b-91ed-36878d0e7655',1,'go','text','2020-01-24 12:32:48',1),(163,'45936ce9-9372-4eb7-b2e0-4539e1256b7f','3f073b06-c7e2-493b-91ed-36878d0e7655',1,'hey','text','2020-01-24 12:33:23',1),(164,'45936ce9-9372-4eb7-b2e0-4539e1256b7f','3f073b06-c7e2-493b-91ed-36878d0e7655',1,'收到','text','2020-01-24 12:37:01',1),(165,'45936ce9-9372-4eb7-b2e0-4539e1256b7f','3f073b06-c7e2-493b-91ed-36878d0e7655',1,'ok','text','2020-01-24 13:12:57',1),(166,'45936ce9-9372-4eb7-b2e0-4539e1256b7f','3f073b06-c7e2-493b-91ed-36878d0e7655',1,'fine','text','2020-01-24 13:13:39',1),(167,'680879a8-f6c0-4c98-9098-2fec30734206','3f073b06-c7e2-493b-91ed-36878d0e7655',1,'Okss','text','2020-01-24 13:32:11',1),(168,'680879a8-f6c0-4c98-9098-2fec30734206','3f073b06-c7e2-493b-91ed-36878d0e7655',1,'nide','text','2020-01-24 13:32:20',1),(169,'680879a8-f6c0-4c98-9098-2fec30734206','45936ce9-9372-4eb7-b2e0-4539e1256b7f',0,'xxx','text','2020-01-24 13:32:57',1),(170,'680879a8-f6c0-4c98-9098-2fec30734206','3f073b06-c7e2-493b-91ed-36878d0e7655',1,'en','text','2020-01-24 13:33:16',1),(171,'680879a8-f6c0-4c98-9098-2fec30734206','3f073b06-c7e2-493b-91ed-36878d0e7655',1,'hello','text','2020-01-24 13:33:40',1),(172,'680879a8-f6c0-4c98-9098-2fec30734206','3f073b06-c7e2-493b-91ed-36878d0e7655',1,'hey','text','2020-01-24 13:33:49',1),(173,'680879a8-f6c0-4c98-9098-2fec30734206','3f073b06-c7e2-493b-91ed-36878d0e7655',1,'xiangmi','text','2020-01-24 13:34:16',1),(174,'680879a8-f6c0-4c98-9098-2fec30734206','3f073b06-c7e2-493b-91ed-36878d0e7655',1,'xiangm','text','2020-01-24 13:34:26',1),(175,'45936ce9-9372-4eb7-b2e0-4539e1256b7f','680879a8-f6c0-4c98-9098-2fec30734206',0,'xiangm','text','2020-01-24 13:39:57',1),(176,'45936ce9-9372-4eb7-b2e0-4539e1256b7f','680879a8-f6c0-4c98-9098-2fec30734206',0,'cool','text','2020-01-24 13:40:04',1),(177,'45936ce9-9372-4eb7-b2e0-4539e1256b7f','680879a8-f6c0-4c98-9098-2fec30734206',0,'congming','text','2020-01-24 13:56:26',1),(178,'680879a8-f6c0-4c98-9098-2fec30734206','45936ce9-9372-4eb7-b2e0-4539e1256b7f',0,'hey','text','2020-01-24 13:57:25',1),(179,'680879a8-f6c0-4c98-9098-2fec30734206','45936ce9-9372-4eb7-b2e0-4539e1256b7f',0,'haode','text','2020-01-24 14:02:37',1),(180,'680879a8-f6c0-4c98-9098-2fec30734206','45936ce9-9372-4eb7-b2e0-4539e1256b7f',0,'qq','text','2020-01-24 15:30:31',1),(181,'680879a8-f6c0-4c98-9098-2fec30734206','45936ce9-9372-4eb7-b2e0-4539e1256b7f',0,'xixixi','text','2020-01-24 15:31:21',1),(182,'680879a8-f6c0-4c98-9098-2fec30734206','45936ce9-9372-4eb7-b2e0-4539e1256b7f',0,'biu','text','2020-01-24 15:33:50',1),(183,'680879a8-f6c0-4c98-9098-2fec30734206','45936ce9-9372-4eb7-b2e0-4539e1256b7f',0,'bu','text','2020-01-24 15:36:03',1),(184,'680879a8-f6c0-4c98-9098-2fec30734206','45936ce9-9372-4eb7-b2e0-4539e1256b7f',0,'no','text','2020-01-24 15:36:11',1),(185,'680879a8-f6c0-4c98-9098-2fec30734206','3f073b06-c7e2-493b-91ed-36878d0e7655',1,'no','text','2020-01-24 15:37:39',1),(186,'680879a8-f6c0-4c98-9098-2fec30734206','3f073b06-c7e2-493b-91ed-36878d0e7655',1,'好的','text','2020-01-24 15:37:48',1),(187,'680879a8-f6c0-4c98-9098-2fec30734206','3f073b06-c7e2-493b-91ed-36878d0e7655',1,'go','text','2020-01-24 15:42:03',1),(188,'680879a8-f6c0-4c98-9098-2fec30734206','3f073b06-c7e2-493b-91ed-36878d0e7655',1,'man','text','2020-01-24 15:42:06',1),(189,'680879a8-f6c0-4c98-9098-2fec30734206','3f073b06-c7e2-493b-91ed-36878d0e7655',1,'haa','text','2020-01-24 15:42:11',1),(190,'680879a8-f6c0-4c98-9098-2fec30734206','3f073b06-c7e2-493b-91ed-36878d0e7655',1,'haq','text','2020-01-24 15:42:34',1),(191,'680879a8-f6c0-4c98-9098-2fec30734206','3f073b06-c7e2-493b-91ed-36878d0e7655',1,'baby','text','2020-01-24 17:41:11',1),(192,'45936ce9-9372-4eb7-b2e0-4539e1256b7f','3f073b06-c7e2-493b-91ed-36878d0e7655',1,'baby','text','2020-01-24 17:42:16',1),(193,'680879a8-f6c0-4c98-9098-2fec30734206','3f073b06-c7e2-493b-91ed-36878d0e7655',1,'hahaa','text','2020-01-24 18:16:50',1),(194,'680879a8-f6c0-4c98-9098-2fec30734206','3f073b06-c7e2-493b-91ed-36878d0e7655',1,'cool','text','2020-01-24 18:19:01',1),(195,'680879a8-f6c0-4c98-9098-2fec30734206','3f073b06-c7e2-493b-91ed-36878d0e7655',1,'go','text','2020-01-24 18:20:24',1),(196,'680879a8-f6c0-4c98-9098-2fec30734206','3f073b06-c7e2-493b-91ed-36878d0e7655',1,'gogggggggggggggggggggggggggggggggggggggggggggggggggggggggggggggggggggggggggggggggggggggggggggggggggggggggggggggggggggggggggggggggggggggggggggggggggggggggggg','text','2020-01-24 18:28:24',1),(197,'45936ce9-9372-4eb7-b2e0-4539e1256b7f','3f073b06-c7e2-493b-91ed-36878d0e7655',1,'qqq','text','2020-01-24 18:57:27',1),(198,'45936ce9-9372-4eb7-b2e0-4539e1256b7f','3f073b06-c7e2-493b-91ed-36878d0e7655',1,'111','text','2020-01-24 19:07:29',1),(199,'45936ce9-9372-4eb7-b2e0-4539e1256b7f','3f073b06-c7e2-493b-91ed-36878d0e7655',1,'qqq','text','2020-01-24 19:10:01',1),(200,'45936ce9-9372-4eb7-b2e0-4539e1256b7f','3f073b06-c7e2-493b-91ed-36878d0e7655',1,'www','text','2020-01-24 19:11:25',1),(201,'45936ce9-9372-4eb7-b2e0-4539e1256b7f','3f073b06-c7e2-493b-91ed-36878d0e7655',1,'wwwq','text','2020-01-24 19:11:31',1),(202,'45936ce9-9372-4eb7-b2e0-4539e1256b7f','3f073b06-c7e2-493b-91ed-36878d0e7655',1,'wwwqq','text','2020-01-24 19:11:34',1),(203,'45936ce9-9372-4eb7-b2e0-4539e1256b7f','680879a8-f6c0-4c98-9098-2fec30734206',0,'wwwqq','text','2020-01-24 19:11:45',1),(204,'45936ce9-9372-4eb7-b2e0-4539e1256b7f','680879a8-f6c0-4c98-9098-2fec30734206',0,'wwwqq','text','2020-01-24 19:11:46',1),(205,'45936ce9-9372-4eb7-b2e0-4539e1256b7f','680879a8-f6c0-4c98-9098-2fec30734206',0,'wwwqq','text','2020-01-24 19:12:02',1),(206,'45936ce9-9372-4eb7-b2e0-4539e1256b7f','680879a8-f6c0-4c98-9098-2fec30734206',0,'wwwqq','text','2020-01-24 19:12:16',1),(207,'45936ce9-9372-4eb7-b2e0-4539e1256b7f','5b7c1619-65d6-4713-a2fe-432233046d13',0,'wwwqq','text','2020-01-24 19:12:29',1),(208,'45936ce9-9372-4eb7-b2e0-4539e1256b7f','fe4fa6b3-04ef-4524-be1b-94d906c1424d',0,'wwwqq','text','2020-01-24 19:13:31',1),(209,'45936ce9-9372-4eb7-b2e0-4539e1256b7f','3f073b06-c7e2-493b-91ed-36878d0e7655',1,'qqq','text','2020-01-24 19:18:26',1),(210,'45936ce9-9372-4eb7-b2e0-4539e1256b7f','fe4fa6b3-04ef-4524-be1b-94d906c1424d',0,'hi','text','2020-01-24 19:19:01',1),(211,'45936ce9-9372-4eb7-b2e0-4539e1256b7f','fe4fa6b3-04ef-4524-be1b-94d906c1424d',0,'hi','text','2020-01-24 19:19:23',1),(212,'45936ce9-9372-4eb7-b2e0-4539e1256b7f','fe4fa6b3-04ef-4524-be1b-94d906c1424d',0,'qqq','text','2020-01-24 19:22:36',1),(213,'45936ce9-9372-4eb7-b2e0-4539e1256b7f','fe4fa6b3-04ef-4524-be1b-94d906c1424d',0,'qqq','text','2020-01-24 19:22:43',1),(214,'45936ce9-9372-4eb7-b2e0-4539e1256b7f','fe4fa6b3-04ef-4524-be1b-94d906c1424d',0,'qqq','text','2020-01-24 19:25:28',1),(215,'45936ce9-9372-4eb7-b2e0-4539e1256b7f','fe4fa6b3-04ef-4524-be1b-94d906c1424d',0,'111','text','2020-01-24 19:27:19',1),(216,'45936ce9-9372-4eb7-b2e0-4539e1256b7f','fe4fa6b3-04ef-4524-be1b-94d906c1424d',0,'qqq','text','2020-01-24 19:34:24',1),(217,'45936ce9-9372-4eb7-b2e0-4539e1256b7f','fe4fa6b3-04ef-4524-be1b-94d906c1424d',0,'ccc','text','2020-01-24 19:34:28',1),(218,'45936ce9-9372-4eb7-b2e0-4539e1256b7f','fe4fa6b3-04ef-4524-be1b-94d906c1424d',0,'sss','text','2020-01-24 19:34:33',1),(219,'45936ce9-9372-4eb7-b2e0-4539e1256b7f','fe4fa6b3-04ef-4524-be1b-94d906c1424d',0,'hello','text','2020-01-24 19:35:03',1),(220,'45936ce9-9372-4eb7-b2e0-4539e1256b7f','5b7c1619-65d6-4713-a2fe-432233046d13',0,'dda','text','2020-01-24 19:35:09',1),(221,'45936ce9-9372-4eb7-b2e0-4539e1256b7f','6856d95e-0f01-475b-b406-bf7a09739f8f',0,'dadef','text','2020-01-24 19:35:15',1),(222,'45936ce9-9372-4eb7-b2e0-4539e1256b7f','3f073b06-c7e2-493b-91ed-36878d0e7655',1,'hello babay','text','2020-01-25 11:30:58',1),(223,'45936ce9-9372-4eb7-b2e0-4539e1256b7f','3f073b06-c7e2-493b-91ed-36878d0e7655',1,'go go go','text','2020-01-25 11:31:21',1),(224,'33eaba35-288a-43cd-a219-dc94fd0a59ce','3f073b06-c7e2-493b-91ed-36878d0e7655',1,'hello','text','2020-01-25 11:31:28',1),(225,'33eaba35-288a-43cd-a219-dc94fd0a59ce','45936ce9-9372-4eb7-b2e0-4539e1256b7f',0,'cool','text','2020-01-25 11:56:44',1),(226,'45936ce9-9372-4eb7-b2e0-4539e1256b7f','33eaba35-288a-43cd-a219-dc94fd0a59ce',0,'my friend','text','2020-01-25 12:00:30',1),(227,'45936ce9-9372-4eb7-b2e0-4539e1256b7f','3f073b06-c7e2-493b-91ed-36878d0e7655',1,'hello','text','2020-01-29 19:01:33',1),(228,'45936ce9-9372-4eb7-b2e0-4539e1256b7f','33eaba35-288a-43cd-a219-dc94fd0a59ce',0,'da','text','2020-01-29 19:05:50',1),(229,'45936ce9-9372-4eb7-b2e0-4539e1256b7f','33eaba35-288a-43cd-a219-dc94fd0a59ce',0,'qqq','text','2020-01-29 19:06:52',1),(230,'45936ce9-9372-4eb7-b2e0-4539e1256b7f','33eaba35-288a-43cd-a219-dc94fd0a59ce',0,'fad\\da','text','2020-01-29 19:11:32',1),(231,'45936ce9-9372-4eb7-b2e0-4539e1256b7f','33eaba35-288a-43cd-a219-dc94fd0a59ce',0,'cool baby','text','2020-01-29 19:11:39',1),(232,'45936ce9-9372-4eb7-b2e0-4539e1256b7f','3f073b06-c7e2-493b-91ed-36878d0e7655',1,'hello my friend','text','2020-01-29 19:11:49',1),(233,'45936ce9-9372-4eb7-b2e0-4539e1256b7f','3f073b06-c7e2-493b-91ed-36878d0e7655',1,'nice','text','2020-01-29 19:11:55',1),(234,'45936ce9-9372-4eb7-b2e0-4539e1256b7f','3f073b06-c7e2-493b-91ed-36878d0e7655',1,'ddd','text','2020-01-29 19:24:45',1),(235,'45936ce9-9372-4eb7-b2e0-4539e1256b7f','3f073b06-c7e2-493b-91ed-36878d0e7655',1,'hello','text','2020-01-29 19:31:04',1),(236,'45936ce9-9372-4eb7-b2e0-4539e1256b7f','3f073b06-c7e2-493b-91ed-36878d0e7655',1,'hi','text','2020-01-29 19:32:06',1),(237,'45936ce9-9372-4eb7-b2e0-4539e1256b7f','3f073b06-c7e2-493b-91ed-36878d0e7655',1,'adad','text','2020-01-29 19:32:42',1),(238,'45936ce9-9372-4eb7-b2e0-4539e1256b7f','3f073b06-c7e2-493b-91ed-36878d0e7655',1,'heng','text','2020-01-29 19:34:39',1),(239,'45936ce9-9372-4eb7-b2e0-4539e1256b7f','3f073b06-c7e2-493b-91ed-36878d0e7655',1,'eee','text','2020-01-29 19:36:05',1),(240,'45936ce9-9372-4eb7-b2e0-4539e1256b7f','3f073b06-c7e2-493b-91ed-36878d0e7655',1,'good','text','2020-01-29 19:40:19',1),(241,'45936ce9-9372-4eb7-b2e0-4539e1256b7f','3f073b06-c7e2-493b-91ed-36878d0e7655',1,'达到','text','2020-01-29 19:42:14',1),(242,'45936ce9-9372-4eb7-b2e0-4539e1256b7f','3f073b06-c7e2-493b-91ed-36878d0e7655',1,'dafad','text','2020-01-29 19:54:57',1),(243,'45936ce9-9372-4eb7-b2e0-4539e1256b7f','3f073b06-c7e2-493b-91ed-36878d0e7655',1,'c','text','2020-01-29 19:55:45',1),(244,'45936ce9-9372-4eb7-b2e0-4539e1256b7f','3f073b06-c7e2-493b-91ed-36878d0e7655',1,'adjao','text','2020-01-29 19:56:44',1),(245,'45936ce9-9372-4eb7-b2e0-4539e1256b7f','3f073b06-c7e2-493b-91ed-36878d0e7655',1,'dsa','text','2020-01-29 19:56:58',1),(246,'45936ce9-9372-4eb7-b2e0-4539e1256b7f','3f073b06-c7e2-493b-91ed-36878d0e7655',1,'你好','text','2020-01-29 20:44:55',1),(247,'45936ce9-9372-4eb7-b2e0-4539e1256b7f','3f073b06-c7e2-493b-91ed-36878d0e7655',1,'聪明','text','2020-01-29 20:45:01',1),(248,'45936ce9-9372-4eb7-b2e0-4539e1256b7f','3f073b06-c7e2-493b-91ed-36878d0e7655',1,'cc','text','2020-01-29 20:46:02',1),(249,'45936ce9-9372-4eb7-b2e0-4539e1256b7f','3f073b06-c7e2-493b-91ed-36878d0e7655',1,'ad','text','2020-01-29 20:46:29',1),(250,'45936ce9-9372-4eb7-b2e0-4539e1256b7f','3f073b06-c7e2-493b-91ed-36878d0e7655',1,'good','text','2020-01-29 20:46:53',1),(251,'33eaba35-288a-43cd-a219-dc94fd0a59ce','3f073b06-c7e2-493b-91ed-36878d0e7655',1,'baby','text','2020-01-29 20:47:59',1),(252,'45936ce9-9372-4eb7-b2e0-4539e1256b7f','3f073b06-c7e2-493b-91ed-36878d0e7655',1,'hel','text','2020-01-29 20:54:32',1),(253,'45936ce9-9372-4eb7-b2e0-4539e1256b7f','3f073b06-c7e2-493b-91ed-36878d0e7655',1,'dssa','text','2020-01-29 20:54:38',1),(254,'45936ce9-9372-4eb7-b2e0-4539e1256b7f','33eaba35-288a-43cd-a219-dc94fd0a59ce',0,'cool','text','2020-01-29 21:36:29',1),(255,'33eaba35-288a-43cd-a219-dc94fd0a59ce','45936ce9-9372-4eb7-b2e0-4539e1256b7f',0,'go','text','2020-01-29 21:37:25',1),(256,'45936ce9-9372-4eb7-b2e0-4539e1256b7f','33eaba35-288a-43cd-a219-dc94fd0a59ce',0,'do','text','2020-01-29 22:09:11',1),(257,'33eaba35-288a-43cd-a219-dc94fd0a59ce','45936ce9-9372-4eb7-b2e0-4539e1256b7f',0,'no','text','2020-01-29 22:12:58',1),(258,'33eaba35-288a-43cd-a219-dc94fd0a59ce','45936ce9-9372-4eb7-b2e0-4539e1256b7f',0,'chong','text','2020-01-29 22:13:12',1),(259,'33eaba35-288a-43cd-a219-dc94fd0a59ce','45936ce9-9372-4eb7-b2e0-4539e1256b7f',0,'好吧','text','2020-01-29 22:41:22',1),(260,'33eaba35-288a-43cd-a219-dc94fd0a59ce','45936ce9-9372-4eb7-b2e0-4539e1256b7f',0,'嗯','text','2020-01-29 22:41:29',1),(261,'45936ce9-9372-4eb7-b2e0-4539e1256b7f','3f073b06-c7e2-493b-91ed-36878d0e7655',1,'cool','text','2020-01-30 12:25:03',1),(262,'45936ce9-9372-4eb7-b2e0-4539e1256b7f','3f073b06-c7e2-493b-91ed-36878d0e7655',1,'大家好呀','text','2020-02-01 16:15:54',1),(263,'45936ce9-9372-4eb7-b2e0-4539e1256b7f','fe4fa6b3-04ef-4524-be1b-94d906c1424d',0,'hi','text','2020-02-02 14:06:16',1),(264,'33eaba35-288a-43cd-a219-dc94fd0a59ce','680879a8-f6c0-4c98-9098-2fec30734206',0,'eeee','text','2020-02-02 14:10:21',1),(265,'8d818a76-ee38-4ae3-9299-7da37c59ec95','3f073b06-c7e2-493b-91ed-36878d0e7655',1,'大家好，我是REWQ','text','2020-02-02 14:37:41',1),(266,'8d818a76-ee38-4ae3-9299-7da37c59ec95','33eaba35-288a-43cd-a219-dc94fd0a59ce',0,'你好','text','2020-02-02 14:56:47',1),(267,'33eaba35-288a-43cd-a219-dc94fd0a59ce','8d818a76-ee38-4ae3-9299-7da37c59ec95',0,'嗯','text','2020-02-02 14:57:03',1),(268,'33eaba35-288a-43cd-a219-dc94fd0a59ce','8d818a76-ee38-4ae3-9299-7da37c59ec95',0,'baby','text','2020-02-02 15:03:34',1),(269,'33eaba35-288a-43cd-a219-dc94fd0a59ce','8d818a76-ee38-4ae3-9299-7da37c59ec95',0,'hi','text','2020-02-02 15:07:06',1),(270,'33eaba35-288a-43cd-a219-dc94fd0a59ce','8d818a76-ee38-4ae3-9299-7da37c59ec95',0,'cool','text','2020-02-02 15:08:42',1),(271,'33eaba35-288a-43cd-a219-dc94fd0a59ce','8d818a76-ee38-4ae3-9299-7da37c59ec95',0,'冲鸭','text','2020-02-02 15:09:40',1),(272,'33eaba35-288a-43cd-a219-dc94fd0a59ce','8d818a76-ee38-4ae3-9299-7da37c59ec95',0,'很','text','2020-02-02 15:10:40',1),(273,'33eaba35-288a-43cd-a219-dc94fd0a59ce','8d818a76-ee38-4ae3-9299-7da37c59ec95',0,'baby','text','2020-02-02 15:19:35',1),(274,'33eaba35-288a-43cd-a219-dc94fd0a59ce','8d818a76-ee38-4ae3-9299-7da37c59ec95',0,'nihao','text','2020-02-02 15:21:33',1),(275,'33eaba35-288a-43cd-a219-dc94fd0a59ce','8d818a76-ee38-4ae3-9299-7da37c59ec95',0,'你快乐吗','text','2020-02-02 15:21:38',1),(276,'8d818a76-ee38-4ae3-9299-7da37c59ec95','33eaba35-288a-43cd-a219-dc94fd0a59ce',0,'我很快乐呀','text','2020-02-02 15:21:52',1),(277,'8d818a76-ee38-4ae3-9299-7da37c59ec95','33eaba35-288a-43cd-a219-dc94fd0a59ce',0,'突发事件','text','2020-02-02 15:25:21',1),(278,'8d818a76-ee38-4ae3-9299-7da37c59ec95','33eaba35-288a-43cd-a219-dc94fd0a59ce',0,'够吗','text','2020-02-02 15:25:32',1),(279,'8d818a76-ee38-4ae3-9299-7da37c59ec95','33eaba35-288a-43cd-a219-dc94fd0a59ce',0,'冲鸭','text','2020-02-02 15:25:50',1),(280,'f9613f13-fe9d-447a-9bf5-7ad5e8695aec','8d818a76-ee38-4ae3-9299-7da37c59ec95',0,'你好，我的朋友','text','2020-02-02 15:34:26',1),(281,'8d818a76-ee38-4ae3-9299-7da37c59ec95','f9613f13-fe9d-447a-9bf5-7ad5e8695aec',0,'想要去那吗','text','2020-02-02 15:34:50',1),(282,'f9613f13-fe9d-447a-9bf5-7ad5e8695aec','8d818a76-ee38-4ae3-9299-7da37c59ec95',0,'好啊好啊','text','2020-02-02 15:34:54',1),(283,'8d818a76-ee38-4ae3-9299-7da37c59ec95','f9613f13-fe9d-447a-9bf5-7ad5e8695aec',0,'go go','text','2020-02-02 15:37:02',1),(284,'45936ce9-9372-4eb7-b2e0-4539e1256b7f','3f073b06-c7e2-493b-91ed-36878d0e7655',1,'','text','2020-02-03 16:15:51',1),(285,'45936ce9-9372-4eb7-b2e0-4539e1256b7f','3f073b06-c7e2-493b-91ed-36878d0e7655',1,'','text','2020-02-03 16:31:22',1),(286,'45936ce9-9372-4eb7-b2e0-4539e1256b7f','3f073b06-c7e2-493b-91ed-36878d0e7655',1,'agf','text','2020-02-03 17:48:21',1),(287,'45936ce9-9372-4eb7-b2e0-4539e1256b7f','3f073b06-c7e2-493b-91ed-36878d0e7655',1,'helo','text','2020-02-03 18:37:11',1),(288,'33eaba35-288a-43cd-a219-dc94fd0a59ce','3f073b06-c7e2-493b-91ed-36878d0e7655',1,'hello','text','2020-02-03 18:37:55',1),(289,'33eaba35-288a-43cd-a219-dc94fd0a59ce','3f073b06-c7e2-493b-91ed-36878d0e7655',1,'hello','text','2020-02-03 18:38:33',1),(290,'33eaba35-288a-43cd-a219-dc94fd0a59ce','3f073b06-c7e2-493b-91ed-36878d0e7655',1,'hi','text','2020-02-03 18:41:24',1),(291,'33eaba35-288a-43cd-a219-dc94fd0a59ce','3f073b06-c7e2-493b-91ed-36878d0e7655',1,'en','text','2020-02-03 18:42:19',1),(292,'33eaba35-288a-43cd-a219-dc94fd0a59ce','3f073b06-c7e2-493b-91ed-36878d0e7655',1,'1','text','2020-02-03 18:43:27',1),(293,'33eaba35-288a-43cd-a219-dc94fd0a59ce','3f073b06-c7e2-493b-91ed-36878d0e7655',1,'w','text','2020-02-03 18:44:19',1),(294,'33eaba35-288a-43cd-a219-dc94fd0a59ce','3f073b06-c7e2-493b-91ed-36878d0e7655',1,'q','text','2020-02-03 18:44:52',1),(295,'33eaba35-288a-43cd-a219-dc94fd0a59ce','3f073b06-c7e2-493b-91ed-36878d0e7655',1,'1','text','2020-02-03 18:45:41',1),(296,'33eaba35-288a-43cd-a219-dc94fd0a59ce','3f073b06-c7e2-493b-91ed-36878d0e7655',1,'123','text','2020-02-03 18:46:51',1),(297,'33eaba35-288a-43cd-a219-dc94fd0a59ce','3f073b06-c7e2-493b-91ed-36878d0e7655',1,'hello','text','2020-02-03 18:49:22',1),(298,'33eaba35-288a-43cd-a219-dc94fd0a59ce','3f073b06-c7e2-493b-91ed-36878d0e7655',1,'baby','text','2020-02-03 18:49:39',1),(299,'33eaba35-288a-43cd-a219-dc94fd0a59ce','3f073b06-c7e2-493b-91ed-36878d0e7655',1,'cool','text','2020-02-03 18:51:09',1),(300,'33eaba35-288a-43cd-a219-dc94fd0a59ce','3f073b06-c7e2-493b-91ed-36878d0e7655',1,'bu','text','2020-02-03 18:51:57',1),(301,'33eaba35-288a-43cd-a219-dc94fd0a59ce','3f073b06-c7e2-493b-91ed-36878d0e7655',1,'hello','text','2020-02-03 18:58:07',1),(302,'33eaba35-288a-43cd-a219-dc94fd0a59ce','3f073b06-c7e2-493b-91ed-36878d0e7655',1,'nihao','text','2020-02-03 18:58:09',1),(303,'33eaba35-288a-43cd-a219-dc94fd0a59ce','3f073b06-c7e2-493b-91ed-36878d0e7655',1,'biu','text','2020-02-03 18:58:19',1),(304,'33eaba35-288a-43cd-a219-dc94fd0a59ce','3f073b06-c7e2-493b-91ed-36878d0e7655',1,'en','text','2020-02-03 18:59:19',1),(305,'33eaba35-288a-43cd-a219-dc94fd0a59ce','3f073b06-c7e2-493b-91ed-36878d0e7655',1,'en','text','2020-02-03 19:05:04',1),(306,'33eaba35-288a-43cd-a219-dc94fd0a59ce','3f073b06-c7e2-493b-91ed-36878d0e7655',1,'smilesmiley','text','2020-02-03 19:28:41',1),(307,'33eaba35-288a-43cd-a219-dc94fd0a59ce','3f073b06-c7e2-493b-91ed-36878d0e7655',1,'','text','2020-02-03 19:35:32',1),(308,'33eaba35-288a-43cd-a219-dc94fd0a59ce','3f073b06-c7e2-493b-91ed-36878d0e7655',1,'sob','text','2020-02-03 19:36:05',1),(309,'33eaba35-288a-43cd-a219-dc94fd0a59ce','3f073b06-c7e2-493b-91ed-36878d0e7655',1,'1cold_sweat','text','2020-02-03 19:50:33',1),(310,'33eaba35-288a-43cd-a219-dc94fd0a59ce','3f073b06-c7e2-493b-91ed-36878d0e7655',1,'stuck_out_tongue_closed_eyessob','text','2020-02-03 19:59:05',1),(311,'33eaba35-288a-43cd-a219-dc94fd0a59ce','3f073b06-c7e2-493b-91ed-36878d0e7655',1,'1#{-1}#{unamused}#{thumbs_up}#{confused}#{smiley}#{sob}#{sleepy}#{disappointed}','text','2020-02-03 20:18:25',1),(312,'33eaba35-288a-43cd-a219-dc94fd0a59ce','3f073b06-c7e2-493b-91ed-36878d0e7655',1,'1   #{tired_face} erwreb #{sunglasses}','text','2020-02-03 20:32:09',1),(313,'33eaba35-288a-43cd-a219-dc94fd0a59ce','3f073b06-c7e2-493b-91ed-36878d0e7655',1,'hello #{heart_eyes}','text','2020-02-03 21:11:54',1),(314,'33eaba35-288a-43cd-a219-dc94fd0a59ce','8d818a76-ee38-4ae3-9299-7da37c59ec95',0,'突破分球','text','2020-02-03 21:14:12',1),(315,'8d818a76-ee38-4ae3-9299-7da37c59ec95','33eaba35-288a-43cd-a219-dc94fd0a59ce',0,'我笑了#{heart_eyes}','text','2020-02-03 21:14:30',1),(316,'33eaba35-288a-43cd-a219-dc94fd0a59ce','8d818a76-ee38-4ae3-9299-7da37c59ec95',0,'#{smile}','text','2020-02-03 21:16:14',1),(317,'33eaba35-288a-43cd-a219-dc94fd0a59ce','8d818a76-ee38-4ae3-9299-7da37c59ec95',0,'#{-1}#{sleeping}#{cold_sweat}','text','2020-02-03 21:22:37',1),(318,'33eaba35-288a-43cd-a219-dc94fd0a59ce','8d818a76-ee38-4ae3-9299-7da37c59ec95',0,'','text','2020-02-03 21:23:54',1),(319,'33eaba35-288a-43cd-a219-dc94fd0a59ce','8d818a76-ee38-4ae3-9299-7da37c59ec95',0,'','text','2020-02-03 21:23:55',1),(320,'33eaba35-288a-43cd-a219-dc94fd0a59ce','8d818a76-ee38-4ae3-9299-7da37c59ec95',0,'','text','2020-02-03 21:23:55',1),(321,'33eaba35-288a-43cd-a219-dc94fd0a59ce','8d818a76-ee38-4ae3-9299-7da37c59ec95',0,'#{heart_eyes} 奥利给 #{thumbs_up}#{thumbs_up}#{thumbs_up}#{thumbs_up}#{thumbs_up}#{thumbs_up}#{thumbs_up}#{thumbs_up}#{thumbs_up}#{thumbs_up}#{thumbs_up}#{thumbs_up}#{cold_sweat}','text','2020-02-03 21:27:31',1),(322,'8d818a76-ee38-4ae3-9299-7da37c59ec95','33eaba35-288a-43cd-a219-dc94fd0a59ce',0,'#{cold_sweat}#{cold_sweat}#{cold_sweat}#{disappointed_relieved}#{sob}#{kissing_smiling_eyes}#{grinning}#{rage}#{heartbeat}#{briefcase}#{school_satchel}#{partly_sunny}#{maple_leaf}#{cyclone}#{leaves}#{feet}#{calling}#{file_folder}#{books}#{newspaper}#{musical_note}#{guitar}#{ledger}#{space_invader}#{football}#{statue_of_liberty}#{hotel}#{slot_machine}#{u7981}#{u7a7a}#{wc}#{clock6}#{radio_button}#{red_circle}','text','2020-02-03 21:28:09',1),(323,'33eaba35-288a-43cd-a219-dc94fd0a59ce','8d818a76-ee38-4ae3-9299-7da37c59ec95',0,'1#{thumbs_up}#{smiley}#{confused}#{blush}','text','2020-02-03 22:08:25',1),(324,'8d818a76-ee38-4ae3-9299-7da37c59ec95','33eaba35-288a-43cd-a219-dc94fd0a59ce',0,'#{relieved}#{kissing_smiling_eyes}','text','2020-02-03 22:09:17',1),(325,'33eaba35-288a-43cd-a219-dc94fd0a59ce','8d818a76-ee38-4ae3-9299-7da37c59ec95',0,'哈哈#{grinning}','text','2020-02-03 22:09:28',1),(326,'8d818a76-ee38-4ae3-9299-7da37c59ec95','33eaba35-288a-43cd-a219-dc94fd0a59ce',0,'1','text','2020-02-03 22:09:38',1),(327,'33eaba35-288a-43cd-a219-dc94fd0a59ce','8d818a76-ee38-4ae3-9299-7da37c59ec95',0,'#{scream}','text','2020-02-03 22:09:44',1),(328,'8d818a76-ee38-4ae3-9299-7da37c59ec95','3f073b06-c7e2-493b-91ed-36878d0e7655',1,'what','text','2020-02-03 22:09:55',1),(329,'8d818a76-ee38-4ae3-9299-7da37c59ec95','3f073b06-c7e2-493b-91ed-36878d0e7655',1,'cool','text','2020-02-03 22:10:07',1),(330,'8d818a76-ee38-4ae3-9299-7da37c59ec95','3f073b06-c7e2-493b-91ed-36878d0e7655',1,'heihei','text','2020-02-03 22:10:17',1),(331,'8d818a76-ee38-4ae3-9299-7da37c59ec95','3f073b06-c7e2-493b-91ed-36878d0e7655',1,'chong','text','2020-02-03 22:12:03',1),(332,'8d818a76-ee38-4ae3-9299-7da37c59ec95','3f073b06-c7e2-493b-91ed-36878d0e7655',1,'好的','text','2020-02-03 22:12:27',1),(333,'8d818a76-ee38-4ae3-9299-7da37c59ec95','3f073b06-c7e2-493b-91ed-36878d0e7655',1,'#{dizzy_face}#{dizzy_face}#{dizzy_face} 晚安宝贝','text','2020-02-03 22:12:52',1),(334,'8d818a76-ee38-4ae3-9299-7da37c59ec95','3f073b06-c7e2-493b-91ed-36878d0e7655',1,'#{mask}#{mask}#{mask}','text','2020-02-03 22:13:12',1),(335,'8d818a76-ee38-4ae3-9299-7da37c59ec95','3f073b06-c7e2-493b-91ed-36878d0e7655',1,'嗯','text','2020-02-03 22:13:35',1),(336,'8d818a76-ee38-4ae3-9299-7da37c59ec95','3f073b06-c7e2-493b-91ed-36878d0e7655',1,'嗯','text','2020-02-03 22:17:39',1),(337,'8d818a76-ee38-4ae3-9299-7da37c59ec95','3f073b06-c7e2-493b-91ed-36878d0e7655',1,'#{grin}#{grin}#{grin}','text','2020-02-03 22:18:28',1),(338,'8d818a76-ee38-4ae3-9299-7da37c59ec95','3f073b06-c7e2-493b-91ed-36878d0e7655',1,'e','text','2020-02-03 22:18:55',1),(339,'8d818a76-ee38-4ae3-9299-7da37c59ec95','3f073b06-c7e2-493b-91ed-36878d0e7655',1,'1','text','2020-02-03 22:19:00',1),(340,'8d818a76-ee38-4ae3-9299-7da37c59ec95','3f073b06-c7e2-493b-91ed-36878d0e7655',1,'2','text','2020-02-03 22:19:23',1),(341,'8d818a76-ee38-4ae3-9299-7da37c59ec95','3f073b06-c7e2-493b-91ed-36878d0e7655',1,'go','text','2020-02-03 22:20:27',1),(342,'8d818a76-ee38-4ae3-9299-7da37c59ec95','3f073b06-c7e2-493b-91ed-36878d0e7655',1,'#{sob}','text','2020-02-03 22:20:33',1),(343,'8d818a76-ee38-4ae3-9299-7da37c59ec95','3f073b06-c7e2-493b-91ed-36878d0e7655',1,'2','text','2020-02-03 22:20:42',1),(344,'33eaba35-288a-43cd-a219-dc94fd0a59ce','3f073b06-c7e2-493b-91ed-36878d0e7655',1,'cool','text','2020-02-03 22:22:50',1),(345,'33eaba35-288a-43cd-a219-dc94fd0a59ce','8d818a76-ee38-4ae3-9299-7da37c59ec95',0,'#{heart_eyes}','text','2020-02-03 22:22:58',1),(346,'8d818a76-ee38-4ae3-9299-7da37c59ec95','33eaba35-288a-43cd-a219-dc94fd0a59ce',0,'cool','text','2020-02-03 22:23:04',1),(347,'8d818a76-ee38-4ae3-9299-7da37c59ec95','33eaba35-288a-43cd-a219-dc94fd0a59ce',0,'enheng','text','2020-02-03 22:23:11',1),(348,'8d818a76-ee38-4ae3-9299-7da37c59ec95','33eaba35-288a-43cd-a219-dc94fd0a59ce',0,'tu le','text','2020-02-03 22:23:17',1),(349,'33eaba35-288a-43cd-a219-dc94fd0a59ce','8d818a76-ee38-4ae3-9299-7da37c59ec95',0,'嗯好的','text','2020-02-03 22:23:25',1),(350,'33eaba35-288a-43cd-a219-dc94fd0a59ce','8d818a76-ee38-4ae3-9299-7da37c59ec95',0,'#{heart_eyes}','text','2020-02-03 22:23:34',1),(351,'33eaba35-288a-43cd-a219-dc94fd0a59ce','3f073b06-c7e2-493b-91ed-36878d0e7655',1,'晚安兄弟萌 #{dizzy_face}#{dizzy_face}#{dizzy_face}','text','2020-02-03 22:24:15',1),(352,'33eaba35-288a-43cd-a219-dc94fd0a59ce','3f073b06-c7e2-493b-91ed-36878d0e7655',1,'晚安哦#{blush}','text','2020-02-03 22:24:42',1),(353,'33eaba35-288a-43cd-a219-dc94fd0a59ce','3f073b06-c7e2-493b-91ed-36878d0e7655',1,'#{hei}#{sob}','text','2020-02-04 12:30:25',1),(354,'33eaba35-288a-43cd-a219-dc94fd0a59ce','3f073b06-c7e2-493b-91ed-36878d0e7655',1,'你好，我的朋友#{smile}#{smile}#{smile}#{go}','text','2020-02-04 12:34:19',1),(355,'33eaba35-288a-43cd-a219-dc94fd0a59ce','3f073b06-c7e2-493b-91ed-36878d0e7655',1,'哇啊#{sob}#{sob}#{sob}','text','2020-02-04 19:30:56',1),(356,'33eaba35-288a-43cd-a219-dc94fd0a59ce','3f073b06-c7e2-493b-91ed-36878d0e7655',1,'smile哦 #{smiley}','text','2020-02-04 19:31:12',1),(357,'33eaba35-288a-43cd-a219-dc94fd0a59ce','3f073b06-c7e2-493b-91ed-36878d0e7655',1,'http://localhost:3000/static/1580906329101attachment1.png','text','2020-02-05 20:38:53',1),(358,'33eaba35-288a-43cd-a219-dc94fd0a59ce','3f073b06-c7e2-493b-91ed-36878d0e7655',1,'hello','text','2020-02-05 20:54:49',1),(359,'33eaba35-288a-43cd-a219-dc94fd0a59ce','3f073b06-c7e2-493b-91ed-36878d0e7655',1,'#{wink}#{heart_eyes}#{kissing_heart}','text','2020-02-05 20:54:55',1),(360,'33eaba35-288a-43cd-a219-dc94fd0a59ce','3f073b06-c7e2-493b-91ed-36878d0e7655',1,'adfa#{dizzy_face}','text','2020-02-05 20:55:02',1),(361,'33eaba35-288a-43cd-a219-dc94fd0a59ce','3f073b06-c7e2-493b-91ed-36878d0e7655',1,'#{imageUrl}','text','2020-02-05 20:55:14',1),(362,'33eaba35-288a-43cd-a219-dc94fd0a59ce','3f073b06-c7e2-493b-91ed-36878d0e7655',1,'baby','text','2020-02-05 20:58:06',1),(363,'33eaba35-288a-43cd-a219-dc94fd0a59ce','3f073b06-c7e2-493b-91ed-36878d0e7655',1,'http://localhost:3000/static/1580907690590git.png','text','2020-02-05 21:01:30',1),(364,'33eaba35-288a-43cd-a219-dc94fd0a59ce','3f073b06-c7e2-493b-91ed-36878d0e7655',1,'http://localhost:3000/static/15809083108245.jpg','image/jpeg','2020-02-05 21:11:50',1),(365,'33eaba35-288a-43cd-a219-dc94fd0a59ce','3f073b06-c7e2-493b-91ed-36878d0e7655',1,'http://localhost:3000/static/1580908537019gradient-login_att.png','image/png','2020-02-05 21:15:37',1),(366,'33eaba35-288a-43cd-a219-dc94fd0a59ce','3f073b06-c7e2-493b-91ed-36878d0e7655',1,'http://localhost:3000/static/1580908815369scrollTop.png','image/png','2020-02-05 21:20:15',1),(367,'33eaba35-288a-43cd-a219-dc94fd0a59ce','3f073b06-c7e2-493b-91ed-36878d0e7655',1,'http://localhost:3000/static/1580908815386scrollHeight.png','image/png','2020-02-05 21:20:15',1),(368,'33eaba35-288a-43cd-a219-dc94fd0a59ce','3f073b06-c7e2-493b-91ed-36878d0e7655',1,'http://localhost:3000/static/1580908885107scrollTop.png','image/png','2020-02-05 21:21:25',1),(369,'33eaba35-288a-43cd-a219-dc94fd0a59ce','3f073b06-c7e2-493b-91ed-36878d0e7655',1,'http://localhost:3000/static/15809091329215.jpg','image/jpeg','2020-02-05 21:25:32',1),(370,'33eaba35-288a-43cd-a219-dc94fd0a59ce','3f073b06-c7e2-493b-91ed-36878d0e7655',1,'http://localhost:3000/static/15809093477215.jpg','image/jpeg','2020-02-05 21:29:07',1),(371,'33eaba35-288a-43cd-a219-dc94fd0a59ce','3f073b06-c7e2-493b-91ed-36878d0e7655',1,'http://localhost:3000/static/1580909520915attachment1.png','image/png','2020-02-05 21:32:00',1),(372,'33eaba35-288a-43cd-a219-dc94fd0a59ce','680879a8-f6c0-4c98-9098-2fec30734206',0,'daddddddddddddddddddddddddddddddddddddddddddddddddddddd','text','2020-02-05 21:43:17',1),(373,'33eaba35-288a-43cd-a219-dc94fd0a59ce','680879a8-f6c0-4c98-9098-2fec30734206',0,'ddddddddddddddddddddddddddddddddddddddddddddddddddddddddddddddddddddddddddddddddddddddddddddddddddddddddddddddddddddddddddddddddd','text','2020-02-05 21:58:57',1),(374,'33eaba35-288a-43cd-a219-dc94fd0a59ce','680879a8-f6c0-4c98-9098-2fec30734206',0,'1','text','2020-02-05 22:15:19',1),(375,'33eaba35-288a-43cd-a219-dc94fd0a59ce','680879a8-f6c0-4c98-9098-2fec30734206',0,'11111111111111111111111111111111111111111111111111111','text','2020-02-05 22:15:27',1),(376,'33eaba35-288a-43cd-a219-dc94fd0a59ce','3f073b06-c7e2-493b-91ed-36878d0e7655',1,'ddd','text','2020-02-05 22:49:21',1),(377,'33eaba35-288a-43cd-a219-dc94fd0a59ce','3f073b06-c7e2-493b-91ed-36878d0e7655',1,'http://localhost:3000/static/1580914324265gradient-login_att.png','image/png','2020-02-05 22:52:04',1),(378,'33eaba35-288a-43cd-a219-dc94fd0a59ce','3f073b06-c7e2-493b-91ed-36878d0e7655',1,'晚安大家#{heart_eyes}#{heart_eyes}#{heart_eyes}#{dizzy_face}#{dizzy_face}#{dizzy_face}','text','2020-02-05 22:54:46',1),(379,'8d818a76-ee38-4ae3-9299-7da37c59ec95','33eaba35-288a-43cd-a219-dc94fd0a59ce',0,'http://localhost:3000/static/1580914542656attachment.png','image/png','2020-02-05 22:55:42',1),(380,'33eaba35-288a-43cd-a219-dc94fd0a59ce','3f073b06-c7e2-493b-91ed-36878d0e7655',1,'d','text','2020-02-05 22:56:18',1),(381,'33eaba35-288a-43cd-a219-dc94fd0a59ce','3f073b06-c7e2-493b-91ed-36878d0e7655',1,'good','text','2020-02-05 22:59:56',1),(382,'8d818a76-ee38-4ae3-9299-7da37c59ec95','3f073b06-c7e2-493b-91ed-36878d0e7655',1,'haha#{disappointed_relieved}','text','2020-02-05 23:00:08',1),(383,'33eaba35-288a-43cd-a219-dc94fd0a59ce','8d818a76-ee38-4ae3-9299-7da37c59ec95',0,'http://localhost:3000/static/15809148244525.jpg','image/jpeg','2020-02-05 23:00:24',1),(384,'33eaba35-288a-43cd-a219-dc94fd0a59ce','8d818a76-ee38-4ae3-9299-7da37c59ec95',0,'http://localhost:3000/static/15809781681955.jpg','image/jpeg','2020-02-06 16:36:08',1),(385,'33eaba35-288a-43cd-a219-dc94fd0a59ce','8d818a76-ee38-4ae3-9299-7da37c59ec95',0,'#{sob}#{sob}#{sob}','text','2020-02-06 16:36:18',1),(386,'33eaba35-288a-43cd-a219-dc94fd0a59ce','8d818a76-ee38-4ae3-9299-7da37c59ec95',0,'http://localhost:3000/static/1580980645349attachment1.png','image/png','2020-02-06 17:17:25',1),(387,'33eaba35-288a-43cd-a219-dc94fd0a59ce','8d818a76-ee38-4ae3-9299-7da37c59ec95',0,'hello','text','2020-02-06 17:36:48',1),(388,'33eaba35-288a-43cd-a219-dc94fd0a59ce','8d818a76-ee38-4ae3-9299-7da37c59ec95',0,'http://localhost:3000/static/15809828416245.jpg','image/jpeg','2020-02-06 17:54:01',1),(389,'33eaba35-288a-43cd-a219-dc94fd0a59ce','8d818a76-ee38-4ae3-9299-7da37c59ec95',0,'#{blush}','text','2020-02-06 17:54:05',1),(390,'33eaba35-288a-43cd-a219-dc94fd0a59ce','8d818a76-ee38-4ae3-9299-7da37c59ec95',0,'#{dizzy_face}','text','2020-02-06 17:54:09',1),(391,'33eaba35-288a-43cd-a219-dc94fd0a59ce','3f073b06-c7e2-493b-91ed-36878d0e7655',1,'baby','text','2020-02-07 14:47:15',1),(392,'33eaba35-288a-43cd-a219-dc94fd0a59ce','3f073b06-c7e2-493b-91ed-36878d0e7655',1,'baby','text','2020-02-07 14:47:35',1),(393,'8d818a76-ee38-4ae3-9299-7da37c59ec95','33eaba35-288a-43cd-a219-dc94fd0a59ce',0,'cool','text','2020-02-07 14:48:22',1),(394,'8d818a76-ee38-4ae3-9299-7da37c59ec95','33eaba35-288a-43cd-a219-dc94fd0a59ce',0,'#{thumbs_up}','text','2020-02-07 15:03:03',1),(395,'33eaba35-288a-43cd-a219-dc94fd0a59ce','8d818a76-ee38-4ae3-9299-7da37c59ec95',0,'haha','text','2020-02-07 15:03:44',1),(396,'33eaba35-288a-43cd-a219-dc94fd0a59ce','8d818a76-ee38-4ae3-9299-7da37c59ec95',0,'qqqqqqqqqqqqqqqqqqqqqqqqqqqqqqqqqqqqqqqqqqqqqqqqqqqqqqqqqqqqqqqqqqqqqqqqqqqqqqqqqqqqqqqqqqqqqq','text','2020-02-07 15:04:00',1),(397,'8d818a76-ee38-4ae3-9299-7da37c59ec95','33eaba35-288a-43cd-a219-dc94fd0a59ce',0,'#{heart_eyes}','text','2020-02-07 15:30:59',1),(398,'8d818a76-ee38-4ae3-9299-7da37c59ec95','3f073b06-c7e2-493b-91ed-36878d0e7655',1,'#{grinning}','text','2020-02-07 15:38:53',1),(399,'8d818a76-ee38-4ae3-9299-7da37c59ec95','3f073b06-c7e2-493b-91ed-36878d0e7655',1,'哈哈哈哈#{heart_eyes}#{heart_eyes}#{heart_eyes}#{relieved}#{relieved}打发打发','text','2020-02-07 15:47:47',1),(400,'8d818a76-ee38-4ae3-9299-7da37c59ec95','3f073b06-c7e2-493b-91ed-36878d0e7655',1,'cool#{angry}','text','2020-02-07 15:49:16',1),(401,'8d818a76-ee38-4ae3-9299-7da37c59ec95','3f073b06-c7e2-493b-91ed-36878d0e7655',1,'#{thumbs_up}#{smiley}#{relieved}#{stuck_out_tongue_closed_eyes}#{wink}#{cold_sweat}#{scream}cool','text','2020-02-07 16:00:48',1),(402,'8d818a76-ee38-4ae3-9299-7da37c59ec95','3f073b06-c7e2-493b-91ed-36878d0e7655',1,'#{sweat_smile}#{disappointed_relieved}#{relieved}cdcad','text','2020-02-07 17:09:23',1),(403,'8d818a76-ee38-4ae3-9299-7da37c59ec95','3f073b06-c7e2-493b-91ed-36878d0e7655',1,'aha','text','2020-02-07 17:09:49',1),(404,'8d818a76-ee38-4ae3-9299-7da37c59ec95','3f073b06-c7e2-493b-91ed-36878d0e7655',1,'http://localhost:3000/static/1581066615440git.png','image/png','2020-02-07 17:10:15',1),(405,'8d818a76-ee38-4ae3-9299-7da37c59ec95','3f073b06-c7e2-493b-91ed-36878d0e7655',1,'http://localhost:3000/static/15810667266605.jpg','image/jpeg','2020-02-07 17:12:06',1),(406,'8d818a76-ee38-4ae3-9299-7da37c59ec95','3f073b06-c7e2-493b-91ed-36878d0e7655',1,'http://localhost:3000/static/1581066914064attachment1.png','image/png','2020-02-07 17:15:14',1),(407,'8d818a76-ee38-4ae3-9299-7da37c59ec95','3f073b06-c7e2-493b-91ed-36878d0e7655',1,'hello#{heart_eyes}#{heart_eyes}#{heart_eyes}','text','2020-02-07 18:45:03',1),(408,'8d818a76-ee38-4ae3-9299-7da37c59ec95','3f073b06-c7e2-493b-91ed-36878d0e7655',1,'www','text','2020-02-07 18:45:16',1),(409,'8d818a76-ee38-4ae3-9299-7da37c59ec95','3f073b06-c7e2-493b-91ed-36878d0e7655',1,'baby','text','2020-02-07 18:56:55',1),(410,'8d818a76-ee38-4ae3-9299-7da37c59ec95','3f073b06-c7e2-493b-91ed-36878d0e7655',1,'#{smiley}#{smile}#{grinning}','text','2020-02-07 18:57:41',1),(411,'8d818a76-ee38-4ae3-9299-7da37c59ec95','3f073b06-c7e2-493b-91ed-36878d0e7655',1,'#{heart_eyes}#{heart_eyes}#{heart_eyes}','text','2020-02-07 18:59:26',1),(412,'8d818a76-ee38-4ae3-9299-7da37c59ec95','3f073b06-c7e2-493b-91ed-36878d0e7655',1,'my love','text','2020-02-07 18:59:39',1),(413,'8d818a76-ee38-4ae3-9299-7da37c59ec95','3f073b06-c7e2-493b-91ed-36878d0e7655',1,'1111111111111111111111111111111111111111111111111111111111111111111111111111111111111111111111','text','2020-02-07 18:59:46',1),(414,'8d818a76-ee38-4ae3-9299-7da37c59ec95','33eaba35-288a-43cd-a219-dc94fd0a59ce',0,'#{thumbs_up}#{thumbs_up}#{thumbs_up}','text','2020-02-07 19:00:17',1),(415,'8d818a76-ee38-4ae3-9299-7da37c59ec95','33eaba35-288a-43cd-a219-dc94fd0a59ce',0,'qqq','text','2020-02-08 14:02:48',1),(416,'8d818a76-ee38-4ae3-9299-7da37c59ec95','33eaba35-288a-43cd-a219-dc94fd0a59ce',0,'111','text','2020-02-08 14:04:07',1),(417,'8d818a76-ee38-4ae3-9299-7da37c59ec95','33eaba35-288a-43cd-a219-dc94fd0a59ce',0,'111','text','2020-02-08 14:05:24',1),(418,'8d818a76-ee38-4ae3-9299-7da37c59ec95','33eaba35-288a-43cd-a219-dc94fd0a59ce',0,'#{heart_eyes}','text','2020-02-08 14:05:55',1),(419,'8d818a76-ee38-4ae3-9299-7da37c59ec95','33eaba35-288a-43cd-a219-dc94fd0a59ce',0,'#{thumbs_up}','text','2020-02-08 14:08:05',1),(420,'8d818a76-ee38-4ae3-9299-7da37c59ec95','33eaba35-288a-43cd-a219-dc94fd0a59ce',0,'#{heart_eyes}','text','2020-02-08 14:08:32',1),(421,'8d818a76-ee38-4ae3-9299-7da37c59ec95','3f073b06-c7e2-493b-91ed-36878d0e7655',1,'#{triumph}#{triumph}#{triumph}','text','2020-02-08 15:00:56',1),(422,'8d818a76-ee38-4ae3-9299-7da37c59ec95','3f073b06-c7e2-493b-91ed-36878d0e7655',1,'#{sweat}','text','2020-02-08 15:01:14',1),(423,'8d818a76-ee38-4ae3-9299-7da37c59ec95','3f073b06-c7e2-493b-91ed-36878d0e7655',1,'#{kissing_heart}','text','2020-02-08 15:01:25',1),(424,'8d818a76-ee38-4ae3-9299-7da37c59ec95','33eaba35-288a-43cd-a219-dc94fd0a59ce',0,'q','text','2020-02-08 15:10:28',1),(425,'8d818a76-ee38-4ae3-9299-7da37c59ec95','33eaba35-288a-43cd-a219-dc94fd0a59ce',0,'q','text','2020-02-08 15:11:47',1),(426,'8d818a76-ee38-4ae3-9299-7da37c59ec95','33eaba35-288a-43cd-a219-dc94fd0a59ce',0,'qwwq','text','2020-02-08 15:12:26',1),(427,'8d818a76-ee38-4ae3-9299-7da37c59ec95','33eaba35-288a-43cd-a219-dc94fd0a59ce',0,'eqe#{dizzy_face}','text','2020-02-08 15:15:59',1),(428,'33eaba35-288a-43cd-a219-dc94fd0a59ce','8d818a76-ee38-4ae3-9299-7da37c59ec95',0,'hello','text','2020-02-08 15:29:04',1),(429,'33eaba35-288a-43cd-a219-dc94fd0a59ce','8d818a76-ee38-4ae3-9299-7da37c59ec95',0,'bubu','text','2020-02-08 15:30:54',1),(430,'33eaba35-288a-43cd-a219-dc94fd0a59ce','8d818a76-ee38-4ae3-9299-7da37c59ec95',0,'cool','text','2020-02-08 15:33:56',1),(431,'33eaba35-288a-43cd-a219-dc94fd0a59ce','8d818a76-ee38-4ae3-9299-7da37c59ec95',0,'q','text','2020-02-08 15:46:49',1),(432,'33eaba35-288a-43cd-a219-dc94fd0a59ce','8d818a76-ee38-4ae3-9299-7da37c59ec95',0,'cool','text','2020-02-08 16:02:23',1),(433,'33eaba35-288a-43cd-a219-dc94fd0a59ce','8d818a76-ee38-4ae3-9299-7da37c59ec95',0,'baby','text','2020-02-08 16:07:00',1),(434,'33eaba35-288a-43cd-a219-dc94fd0a59ce','8d818a76-ee38-4ae3-9299-7da37c59ec95',0,'#{sleeping}#{sleeping}#{sleeping}','text','2020-02-08 16:07:12',1),(435,'33eaba35-288a-43cd-a219-dc94fd0a59ce','8d818a76-ee38-4ae3-9299-7da37c59ec95',0,'ddd','text','2020-02-08 16:07:21',1),(436,'33eaba35-288a-43cd-a219-dc94fd0a59ce','8d818a76-ee38-4ae3-9299-7da37c59ec95',0,'ddd','text','2020-02-08 16:07:41',1),(437,'33eaba35-288a-43cd-a219-dc94fd0a59ce','8d818a76-ee38-4ae3-9299-7da37c59ec95',0,'ying','text','2020-02-08 16:07:58',1),(438,'33eaba35-288a-43cd-a219-dc94fd0a59ce','8d818a76-ee38-4ae3-9299-7da37c59ec95',0,'cool','text','2020-02-08 16:08:06',1),(439,'33eaba35-288a-43cd-a219-dc94fd0a59ce','8d818a76-ee38-4ae3-9299-7da37c59ec95',0,'dad','text','2020-02-08 16:08:14',1),(440,'33eaba35-288a-43cd-a219-dc94fd0a59ce','3f073b06-c7e2-493b-91ed-36878d0e7655',1,'hello','text','2020-02-08 16:13:20',1),(441,'33eaba35-288a-43cd-a219-dc94fd0a59ce','3f073b06-c7e2-493b-91ed-36878d0e7655',1,'ggg','text','2020-02-08 16:13:41',1),(442,'33eaba35-288a-43cd-a219-dc94fd0a59ce','3f073b06-c7e2-493b-91ed-36878d0e7655',1,'ddd','text','2020-02-08 16:13:48',1),(443,'33eaba35-288a-43cd-a219-dc94fd0a59ce','3f073b06-c7e2-493b-91ed-36878d0e7655',1,'fff','text','2020-02-08 16:14:02',1),(444,'33eaba35-288a-43cd-a219-dc94fd0a59ce','3f073b06-c7e2-493b-91ed-36878d0e7655',1,'baby','text','2020-02-08 16:14:38',1),(445,'33eaba35-288a-43cd-a219-dc94fd0a59ce','3f073b06-c7e2-493b-91ed-36878d0e7655',1,'dafd','text','2020-02-08 16:17:12',1),(446,'33eaba35-288a-43cd-a219-dc94fd0a59ce','3f073b06-c7e2-493b-91ed-36878d0e7655',1,'fdaf','text','2020-02-08 16:17:13',1),(447,'33eaba35-288a-43cd-a219-dc94fd0a59ce','3f073b06-c7e2-493b-91ed-36878d0e7655',1,'ads','text','2020-02-08 16:17:14',1),(448,'33eaba35-288a-43cd-a219-dc94fd0a59ce','3f073b06-c7e2-493b-91ed-36878d0e7655',1,'adfs','text','2020-02-08 16:17:15',1),(449,'33eaba35-288a-43cd-a219-dc94fd0a59ce','3f073b06-c7e2-493b-91ed-36878d0e7655',1,'af','text','2020-02-08 16:17:15',1),(450,'33eaba35-288a-43cd-a219-dc94fd0a59ce','3f073b06-c7e2-493b-91ed-36878d0e7655',1,'dafd','text','2020-02-08 16:17:16',1),(451,'33eaba35-288a-43cd-a219-dc94fd0a59ce','3f073b06-c7e2-493b-91ed-36878d0e7655',1,'dafa','text','2020-02-08 16:17:17',1),(452,'33eaba35-288a-43cd-a219-dc94fd0a59ce','3f073b06-c7e2-493b-91ed-36878d0e7655',1,'dddddddddddddddddddddddddddddddddddddddddddddddddddddddddddddd','text','2020-02-08 16:30:06',1),(453,'33eaba35-288a-43cd-a219-dc94fd0a59ce','3f073b06-c7e2-493b-91ed-36878d0e7655',1,'d','text','2020-02-08 16:30:37',1),(454,'33eaba35-288a-43cd-a219-dc94fd0a59ce','3f073b06-c7e2-493b-91ed-36878d0e7655',1,'ww','text','2020-02-08 18:16:49',1),(455,'33eaba35-288a-43cd-a219-dc94fd0a59ce','3f073b06-c7e2-493b-91ed-36878d0e7655',1,'bingdo','text','2020-02-08 18:17:48',1),(456,'33eaba35-288a-43cd-a219-dc94fd0a59ce','3f073b06-c7e2-493b-91ed-36878d0e7655',1,'dafd','text','2020-02-08 18:18:34',1),(457,'33eaba35-288a-43cd-a219-dc94fd0a59ce','3f073b06-c7e2-493b-91ed-36878d0e7655',1,'gdsaf','text','2020-02-08 18:19:45',1),(458,'33eaba35-288a-43cd-a219-dc94fd0a59ce','3f073b06-c7e2-493b-91ed-36878d0e7655',1,'fdagd','text','2020-02-08 18:21:30',1),(459,'33eaba35-288a-43cd-a219-dc94fd0a59ce','8d818a76-ee38-4ae3-9299-7da37c59ec95',0,'sfdg','text','2020-02-08 18:21:41',1),(460,'33eaba35-288a-43cd-a219-dc94fd0a59ce','8d818a76-ee38-4ae3-9299-7da37c59ec95',0,'ddd','text','2020-02-08 18:23:38',1),(461,'33eaba35-288a-43cd-a219-dc94fd0a59ce','3f073b06-c7e2-493b-91ed-36878d0e7655',1,'tbadada','text','2020-02-08 18:23:45',1),(462,'33eaba35-288a-43cd-a219-dc94fd0a59ce','3f073b06-c7e2-493b-91ed-36878d0e7655',1,'adfad','text','2020-02-08 18:23:53',1),(463,'33eaba35-288a-43cd-a219-dc94fd0a59ce','3f073b06-c7e2-493b-91ed-36878d0e7655',1,'dafd','text','2020-02-08 18:24:24',1),(464,'33eaba35-288a-43cd-a219-dc94fd0a59ce','3f073b06-c7e2-493b-91ed-36878d0e7655',1,'qqweq','text','2020-02-08 18:25:16',1),(465,'33eaba35-288a-43cd-a219-dc94fd0a59ce','3f073b06-c7e2-493b-91ed-36878d0e7655',1,'dafdadf','text','2020-02-08 18:25:28',1),(466,'33eaba35-288a-43cd-a219-dc94fd0a59ce','3f073b06-c7e2-493b-91ed-36878d0e7655',1,'sfdgefga','text','2020-02-08 18:25:30',1),(467,'33eaba35-288a-43cd-a219-dc94fd0a59ce','8d818a76-ee38-4ae3-9299-7da37c59ec95',0,'safdasdfe','text','2020-02-08 18:25:36',1),(468,'33eaba35-288a-43cd-a219-dc94fd0a59ce','8d818a76-ee38-4ae3-9299-7da37c59ec95',0,'vsfgadfa','text','2020-02-08 18:25:39',1),(469,'33eaba35-288a-43cd-a219-dc94fd0a59ce','8d818a76-ee38-4ae3-9299-7da37c59ec95',0,'adfeewa','text','2020-02-08 18:25:44',1),(470,'33eaba35-288a-43cd-a219-dc94fd0a59ce','3f073b06-c7e2-493b-91ed-36878d0e7655',1,'qweqews','text','2020-02-08 18:28:01',1),(471,'33eaba35-288a-43cd-a219-dc94fd0a59ce','3f073b06-c7e2-493b-91ed-36878d0e7655',1,'dafadfaewfzdv','text','2020-02-08 18:28:11',1),(472,'8d818a76-ee38-4ae3-9299-7da37c59ec95','33eaba35-288a-43cd-a219-dc94fd0a59ce',0,'dsafndfla','text','2020-02-08 18:28:23',1),(473,'33eaba35-288a-43cd-a219-dc94fd0a59ce','8d818a76-ee38-4ae3-9299-7da37c59ec95',0,'dafadfad','text','2020-02-08 18:33:53',1),(474,'33eaba35-288a-43cd-a219-dc94fd0a59ce','8d818a76-ee38-4ae3-9299-7da37c59ec95',0,'adffaare','text','2020-02-08 18:33:59',1),(475,'33eaba35-288a-43cd-a219-dc94fd0a59ce','8d818a76-ee38-4ae3-9299-7da37c59ec95',0,'daa','text','2020-02-08 18:34:04',1),(476,'33eaba35-288a-43cd-a219-dc94fd0a59ce','8d818a76-ee38-4ae3-9299-7da37c59ec95',0,'asadaf','text','2020-02-08 18:34:07',1),(477,'8d818a76-ee38-4ae3-9299-7da37c59ec95','33eaba35-288a-43cd-a219-dc94fd0a59ce',0,'fd','text','2020-02-08 18:34:28',1),(478,'8d818a76-ee38-4ae3-9299-7da37c59ec95','33eaba35-288a-43cd-a219-dc94fd0a59ce',0,'sfdsg','text','2020-02-08 18:34:33',1),(479,'8d818a76-ee38-4ae3-9299-7da37c59ec95','33eaba35-288a-43cd-a219-dc94fd0a59ce',0,'fsg','text','2020-02-08 18:34:39',1),(480,'33eaba35-288a-43cd-a219-dc94fd0a59ce','3f073b06-c7e2-493b-91ed-36878d0e7655',1,'afdsf','text','2020-02-08 18:34:53',1),(481,'33eaba35-288a-43cd-a219-dc94fd0a59ce','3f073b06-c7e2-493b-91ed-36878d0e7655',1,'dad','text','2020-02-08 18:36:42',1),(482,'33eaba35-288a-43cd-a219-dc94fd0a59ce','3f073b06-c7e2-493b-91ed-36878d0e7655',1,'qwqed','text','2020-02-08 18:37:37',1),(483,'33eaba35-288a-43cd-a219-dc94fd0a59ce','3f073b06-c7e2-493b-91ed-36878d0e7655',1,'addf','text','2020-02-08 18:48:17',1),(484,'33eaba35-288a-43cd-a219-dc94fd0a59ce','3f073b06-c7e2-493b-91ed-36878d0e7655',1,'afdawe','text','2020-02-08 18:48:21',1),(485,'33eaba35-288a-43cd-a219-dc94fd0a59ce','3f073b06-c7e2-493b-91ed-36878d0e7655',1,'aefawe','text','2020-02-08 18:48:26',1),(486,'33eaba35-288a-43cd-a219-dc94fd0a59ce','3f073b06-c7e2-493b-91ed-36878d0e7655',1,'jung','text','2020-02-08 18:52:04',1),(487,'33eaba35-288a-43cd-a219-dc94fd0a59ce','3f073b06-c7e2-493b-91ed-36878d0e7655',1,'da','text','2020-02-08 18:53:04',1),(488,'33eaba35-288a-43cd-a219-dc94fd0a59ce','3f073b06-c7e2-493b-91ed-36878d0e7655',1,'dad','text','2020-02-08 18:53:31',1),(489,'33eaba35-288a-43cd-a219-dc94fd0a59ce','3f073b06-c7e2-493b-91ed-36878d0e7655',1,'ad','text','2020-02-08 18:53:39',1),(490,'33eaba35-288a-43cd-a219-dc94fd0a59ce','3f073b06-c7e2-493b-91ed-36878d0e7655',1,'adkfad','text','2020-02-08 18:57:05',1),(491,'33eaba35-288a-43cd-a219-dc94fd0a59ce','3f073b06-c7e2-493b-91ed-36878d0e7655',1,'adfeef','text','2020-02-08 18:58:10',1),(492,'33eaba35-288a-43cd-a219-dc94fd0a59ce','3f073b06-c7e2-493b-91ed-36878d0e7655',1,'goo','text','2020-02-08 18:59:07',1),(493,'33eaba35-288a-43cd-a219-dc94fd0a59ce','3f073b06-c7e2-493b-91ed-36878d0e7655',1,'dada','text','2020-02-08 19:01:12',1),(494,'33eaba35-288a-43cd-a219-dc94fd0a59ce','3f073b06-c7e2-493b-91ed-36878d0e7655',1,'adfefa','text','2020-02-08 19:01:16',1),(495,'33eaba35-288a-43cd-a219-dc94fd0a59ce','3f073b06-c7e2-493b-91ed-36878d0e7655',1,'daefa','text','2020-02-08 19:01:55',1),(496,'33eaba35-288a-43cd-a219-dc94fd0a59ce','3f073b06-c7e2-493b-91ed-36878d0e7655',1,'aerew','text','2020-02-08 19:01:58',1),(497,'33eaba35-288a-43cd-a219-dc94fd0a59ce','3f073b06-c7e2-493b-91ed-36878d0e7655',1,'aaeraew','text','2020-02-08 19:02:00',1),(498,'33eaba35-288a-43cd-a219-dc94fd0a59ce','3f073b06-c7e2-493b-91ed-36878d0e7655',1,'#{heart_eyes}#{heart_eyes}#{heart_eyes}','text','2020-02-08 19:02:12',1),(499,'33eaba35-288a-43cd-a219-dc94fd0a59ce','3f073b06-c7e2-493b-91ed-36878d0e7655',1,'rfdsfvsd','text','2020-02-08 19:02:33',1),(500,'33eaba35-288a-43cd-a219-dc94fd0a59ce','8d818a76-ee38-4ae3-9299-7da37c59ec95',0,'dafndsofnad','text','2020-02-08 19:03:23',1),(501,'8d818a76-ee38-4ae3-9299-7da37c59ec95','33eaba35-288a-43cd-a219-dc94fd0a59ce',0,'#{thumbs_up}#{thumbs_up}','text','2020-02-08 19:03:54',1),(502,'8d818a76-ee38-4ae3-9299-7da37c59ec95','33eaba35-288a-43cd-a219-dc94fd0a59ce',0,'http://localhost:3000/static/1581159844296gradient-login_att.png','image/png','2020-02-08 19:04:04',1),(503,'33eaba35-288a-43cd-a219-dc94fd0a59ce','680879a8-f6c0-4c98-9098-2fec30734206',0,'hello','text','2020-02-17 22:16:17',1),(504,'33eaba35-288a-43cd-a219-dc94fd0a59ce','680879a8-f6c0-4c98-9098-2fec30734206',0,'http://localhost:3000/static/1581948986881.vuerc','','2020-02-17 22:16:26',1),(505,'33eaba35-288a-43cd-a219-dc94fd0a59ce','680879a8-f6c0-4c98-9098-2fec30734206',0,'#{kissing_heart}#{kissing_heart}#{kissing_heart}','text','2020-02-17 22:16:38',1),(506,'33eaba35-288a-43cd-a219-dc94fd0a59ce','3f073b06-c7e2-493b-91ed-36878d0e7655',1,'#{kissing_heart}#{kissing_heart}#{kissing_heart}','text','2020-02-17 22:17:15',1),(507,'33eaba35-288a-43cd-a219-dc94fd0a59ce','680879a8-f6c0-4c98-9098-2fec30734206',0,'hello','text','2020-02-20 11:56:24',1),(508,'33eaba35-288a-43cd-a219-dc94fd0a59ce','680879a8-f6c0-4c98-9098-2fec30734206',0,'hello','text','2020-02-22 14:10:25',1),(509,'33eaba35-288a-43cd-a219-dc94fd0a59ce','680879a8-f6c0-4c98-9098-2fec30734206',0,'cool','text','2020-02-22 14:10:29',1),(510,'33eaba35-288a-43cd-a219-dc94fd0a59ce','680879a8-f6c0-4c98-9098-2fec30734206',0,'http://localhost:3000/static/1582375950989fileName (23).png','image/png','2020-02-22 20:52:31',1),(511,'33eaba35-288a-43cd-a219-dc94fd0a59ce','680879a8-f6c0-4c98-9098-2fec30734206',0,'http://localhost:3000/static/1582375994503fileName (23).png','image/png','2020-02-22 20:53:14',1),(512,'33eaba35-288a-43cd-a219-dc94fd0a59ce','680879a8-f6c0-4c98-9098-2fec30734206',0,'http://localhost:3000/static/1582376036878fileName (23).png','image/png','2020-02-22 20:53:56',1),(513,'33eaba35-288a-43cd-a219-dc94fd0a59ce','680879a8-f6c0-4c98-9098-2fec30734206',0,'http://localhost:3000/static/1582376078238fileName (23).png','image/png','2020-02-22 20:54:38',1),(514,'33eaba35-288a-43cd-a219-dc94fd0a59ce','680879a8-f6c0-4c98-9098-2fec30734206',0,'http://localhost:3000/static/1582377051254fileName (23).png','image/png','2020-02-22 21:10:51',1),(515,'33eaba35-288a-43cd-a219-dc94fd0a59ce','680879a8-f6c0-4c98-9098-2fec30734206',0,'http://localhost:3000/static/1582377074570fileName (23).png','image/png','2020-02-22 21:11:14',1),(516,'33eaba35-288a-43cd-a219-dc94fd0a59ce','680879a8-f6c0-4c98-9098-2fec30734206',0,'http://localhost:3000/static/15823777524221.png','text','2020-02-22 21:22:32',1),(517,'33eaba35-288a-43cd-a219-dc94fd0a59ce','680879a8-f6c0-4c98-9098-2fec30734206',0,'http://localhost:3000/static/15823778700771.png','image/png','2020-02-22 21:24:30',1),(518,'33eaba35-288a-43cd-a219-dc94fd0a59ce','680879a8-f6c0-4c98-9098-2fec30734206',0,'http://localhost:3000/static/15823779746001.png','image/png','2020-02-22 21:26:15',1),(519,'33eaba35-288a-43cd-a219-dc94fd0a59ce','680879a8-f6c0-4c98-9098-2fec30734206',0,'http://localhost:3000/static/15823779987311.png','image/png','2020-02-22 21:26:39',1),(520,'33eaba35-288a-43cd-a219-dc94fd0a59ce','680879a8-f6c0-4c98-9098-2fec30734206',0,'http://localhost:3000/static/15823780608511.png','image/png','2020-02-22 21:27:41',1),(521,'33eaba35-288a-43cd-a219-dc94fd0a59ce','680879a8-f6c0-4c98-9098-2fec30734206',0,'http://localhost:3000/static/15823784003051.png','image/png','2020-02-22 21:33:20',1),(522,'33eaba35-288a-43cd-a219-dc94fd0a59ce','680879a8-f6c0-4c98-9098-2fec30734206',0,'http://localhost:3000/static/1582378430557fileName (23).png','image/png','2020-02-22 21:33:50',1),(523,'33eaba35-288a-43cd-a219-dc94fd0a59ce','680879a8-f6c0-4c98-9098-2fec30734206',0,'http://localhost:3000/static/15823784429661.png','image/png','2020-02-22 21:34:02',1),(524,'33eaba35-288a-43cd-a219-dc94fd0a59ce','680879a8-f6c0-4c98-9098-2fec30734206',0,'http://localhost:3000/static/15823804698481.png','image/png','2020-02-22 22:07:49',1),(525,'33eaba35-288a-43cd-a219-dc94fd0a59ce','680879a8-f6c0-4c98-9098-2fec30734206',0,'http://localhost:3000/static/1582380480192fileName (23).png','image/png','2020-02-22 22:08:00',1),(526,'33eaba35-288a-43cd-a219-dc94fd0a59ce','680879a8-f6c0-4c98-9098-2fec30734206',0,'http://localhost:3000/static/15823806720641.png','image/png','2020-02-22 22:11:12',1),(527,'33eaba35-288a-43cd-a219-dc94fd0a59ce','680879a8-f6c0-4c98-9098-2fec30734206',0,'http://localhost:3000/static/15823806848701.png','image/png','2020-02-22 22:11:24',1),(528,'33eaba35-288a-43cd-a219-dc94fd0a59ce','3f073b06-c7e2-493b-91ed-36878d0e7655',1,'baby','text','2020-02-22 22:12:11',1),(529,'33eaba35-288a-43cd-a219-dc94fd0a59ce','3f073b06-c7e2-493b-91ed-36878d0e7655',1,'#{neutral_face}#{neutral_face}#{neutral_face}','text','2020-02-22 22:12:19',1),(530,'33eaba35-288a-43cd-a219-dc94fd0a59ce','3f073b06-c7e2-493b-91ed-36878d0e7655',1,'http://localhost:3000/static/15823807462851.png','image/png','2020-02-22 22:12:26',1),(531,'33eaba35-288a-43cd-a219-dc94fd0a59ce','3f073b06-c7e2-493b-91ed-36878d0e7655',1,'http://localhost:3000/static/1582380752413fileName (23).png','image/png','2020-02-22 22:12:32',1);
/*!40000 ALTER TABLE `message` ENABLE KEYS */;
UNLOCK TABLES;

--
-- Table structure for table `prefer_setting`
--

DROP TABLE IF EXISTS `prefer_setting`;
/*!40101 SET @saved_cs_client     = @@character_set_client */;
/*!50503 SET character_set_client = utf8mb4 */;
CREATE TABLE `prefer_setting` (
  `prefer_setting_id` int NOT NULL AUTO_INCREMENT,
  `theme_id` int NOT NULL,
  `tone_if` int NOT NULL,
  `tone_id` int NOT NULL,
  `desktop_reminder` int NOT NULL,
  PRIMARY KEY (`prefer_setting_id`)
) ENGINE=InnoDB AUTO_INCREMENT=17 DEFAULT CHARSET=utf8;
/*!40101 SET character_set_client = @saved_cs_client */;

--
-- Dumping data for table `prefer_setting`
--

LOCK TABLES `prefer_setting` WRITE;
/*!40000 ALTER TABLE `prefer_setting` DISABLE KEYS */;
INSERT INTO `prefer_setting` VALUES (2,1,1,1,1),(3,1,1,1,1),(4,1,1,1,1),(5,1,1,1,1),(6,1,1,1,1),(7,1,1,1,1),(8,1,1,1,1),(9,1,1,1,1),(10,1,1,1,1),(11,1,1,1,1),(12,1,1,1,0),(13,1,1,1,1),(14,1,1,1,1),(15,1,1,1,1),(16,1,1,1,1);
/*!40000 ALTER TABLE `prefer_setting` ENABLE KEYS */;
UNLOCK TABLES;

--
-- Table structure for table `random_avatars`
--

DROP TABLE IF EXISTS `random_avatars`;
/*!40101 SET @saved_cs_client     = @@character_set_client */;
/*!50503 SET character_set_client = utf8mb4 */;
CREATE TABLE `random_avatars` (
  `random_avatar_id` int NOT NULL AUTO_INCREMENT,
  `random_avatar_url` char(255) NOT NULL,
  PRIMARY KEY (`random_avatar_id`)
) ENGINE=InnoDB AUTO_INCREMENT=7 DEFAULT CHARSET=utf8;
/*!40101 SET character_set_client = @saved_cs_client */;

--
-- Dumping data for table `random_avatars`
--

LOCK TABLES `random_avatars` WRITE;
/*!40000 ALTER TABLE `random_avatars` DISABLE KEYS */;
INSERT INTO `random_avatars` VALUES (1,'https://s2.ax1x.com/2020/01/29/1Q6O2R.jpg'),(2,'https://s2.ax1x.com/2020/01/29/1Q6qPJ.jpg'),(3,'https://s2.ax1x.com/2020/01/29/1Q6TVU.jpg'),(4,'https://s2.ax1x.com/2020/01/29/1Q67aF.png'),(5,'https://s2.ax1x.com/2020/01/29/1Q6H54.gif'),(6,'https://s2.ax1x.com/2020/01/29/1Q6Xx1.jpg');
/*!40000 ALTER TABLE `random_avatars` ENABLE KEYS */;
UNLOCK TABLES;

--
-- Table structure for table `socket`
--

DROP TABLE IF EXISTS `socket`;
/*!40101 SET @saved_cs_client     = @@character_set_client */;
/*!50503 SET character_set_client = utf8mb4 */;
CREATE TABLE `socket` (
  `_id` int NOT NULL AUTO_INCREMENT,
  `socket_id` char(100) DEFAULT NULL,
  `ip` char(30) DEFAULT NULL,
  PRIMARY KEY (`_id`),
  UNIQUE KEY `IDX_601d1a7ead8e3702b6ce332d1a` (`socket_id`)
) ENGINE=InnoDB AUTO_INCREMENT=17 DEFAULT CHARSET=utf8;
/*!40101 SET character_set_client = @saved_cs_client */;

--
-- Dumping data for table `socket`
--

LOCK TABLES `socket` WRITE;
/*!40000 ALTER TABLE `socket` DISABLE KEYS */;
INSERT INTO `socket` VALUES (2,'/websocket#hdyfYsGVsJsRNjVWAABF','::1'),(3,'/websocket#5LxkyM4DGUr3jP7MAAAA','::ffff:127.0.0.1'),(4,NULL,NULL),(5,'/websocket#uzjxkY2zO5wzusalAAAU','::ffff:127.0.0.1'),(6,NULL,NULL),(7,'/websocket#qIrgK8MtcErC6zOFAAAB','::ffff:127.0.0.1'),(8,'/websocket#pExfCQs6n4n-q6EeAAAU','::ffff:127.0.0.1'),(9,'/websocket#38czEi7rm6MqicVzAABB','::1'),(10,'/websocket#L3a3yqAd0EpRT5T4AAB0','::1'),(11,'/websocket#F-haK-vXXMANurDFAAAK','::ffff:127.0.0.1'),(12,'/websocket#NOidsbL7wg--MIqtAAAE','::1'),(13,'/websocket#-QvEL6YvFFzqZ9X4AABx','::1'),(14,'/websocket#ghsqKx1tz9kttLH1AAA1','::1'),(15,'/websocket#yxxQSCavs5OC6S_4AAAE','::1'),(16,'/websocket#_2TV6U1idQqeVFHyAAAG','::1');
/*!40000 ALTER TABLE `socket` ENABLE KEYS */;
UNLOCK TABLES;

--
-- Table structure for table `theme`
--

DROP TABLE IF EXISTS `theme`;
/*!40101 SET @saved_cs_client     = @@character_set_client */;
/*!50503 SET character_set_client = utf8mb4 */;
CREATE TABLE `theme` (
  `frosted_glass_effect` int NOT NULL,
  `theme_background_url` char(255) NOT NULL,
  `theme_color` varchar(10) NOT NULL,
  `theme_font_color` varchar(10) NOT NULL,
  `theme_type_id` int NOT NULL,
  `theme_opacity` float NOT NULL,
  `theme_id` int NOT NULL AUTO_INCREMENT,
  PRIMARY KEY (`theme_id`)
) ENGINE=InnoDB AUTO_INCREMENT=2 DEFAULT CHARSET=utf8;
/*!40101 SET character_set_client = @saved_cs_client */;

--
-- Dumping data for table `theme`
--

LOCK TABLES `theme` WRITE;
/*!40000 ALTER TABLE `theme` DISABLE KEYS */;
INSERT INTO `theme` VALUES (0,'https://i0.hdslb.com/bfs/live/d4fab7a666bc627cc2bcb4f00aa6d2a7958cee80.png@1536w.png','#2e9d92','#FFFFFF',1,1,1);
/*!40000 ALTER TABLE `theme` ENABLE KEYS */;
UNLOCK TABLES;

--
-- Table structure for table `theme_type`
--

DROP TABLE IF EXISTS `theme_type`;
/*!40101 SET @saved_cs_client     = @@character_set_client */;
/*!50503 SET character_set_client = utf8mb4 */;
CREATE TABLE `theme_type` (
  `theme_type_id` int NOT NULL AUTO_INCREMENT,
  `theme_type_name` char(20) NOT NULL,
  PRIMARY KEY (`theme_type_id`)
) ENGINE=InnoDB AUTO_INCREMENT=2 DEFAULT CHARSET=utf8;
/*!40101 SET character_set_client = @saved_cs_client */;

--
-- Dumping data for table `theme_type`
--

LOCK TABLES `theme_type` WRITE;
/*!40000 ALTER TABLE `theme_type` DISABLE KEYS */;
INSERT INTO `theme_type` VALUES (1,'默认');
/*!40000 ALTER TABLE `theme_type` ENABLE KEYS */;
UNLOCK TABLES;

--
-- Table structure for table `tone`
--

DROP TABLE IF EXISTS `tone`;
/*!40101 SET @saved_cs_client     = @@character_set_client */;
/*!50503 SET character_set_client = utf8mb4 */;
CREATE TABLE `tone` (
  `tone_id` int NOT NULL AUTO_INCREMENT,
  `tone_name` char(20) NOT NULL,
  `tone_url` char(255) NOT NULL,
  PRIMARY KEY (`tone_id`)
) ENGINE=InnoDB AUTO_INCREMENT=2 DEFAULT CHARSET=utf8;
/*!40101 SET character_set_client = @saved_cs_client */;

--
-- Dumping data for table `tone`
--

LOCK TABLES `tone` WRITE;
/*!40000 ALTER TABLE `tone` DISABLE KEYS */;
INSERT INTO `tone` VALUES (1,'默认','http://www.tone.com/defaultTone');
/*!40000 ALTER TABLE `tone` ENABLE KEYS */;
UNLOCK TABLES;

--
-- Table structure for table `user`
--

DROP TABLE IF EXISTS `user`;
/*!40101 SET @saved_cs_client     = @@character_set_client */;
/*!50503 SET character_set_client = utf8mb4 */;
CREATE TABLE `user` (
  `user_name` varchar(50) NOT NULL,
  `user_saltPassword` varchar(100) NOT NULL,
  `user_avatar` char(255) NOT NULL,
  `user_reg_time` datetime NOT NULL,
  `user_lastLogin_time` datetime DEFAULT NULL,
  `user_state` int NOT NULL,
  `user_socketId` int DEFAULT NULL,
  `user_preferSetting_id` int DEFAULT NULL,
  `user_id` varchar(36) NOT NULL,
  PRIMARY KEY (`user_id`),
  UNIQUE KEY `IDX_d34106f8ec1ebaf66f4f8609dd` (`user_name`),
  UNIQUE KEY `IDX_8f3e4019318164d047a256dc0e` (`user_socketId`),
  UNIQUE KEY `IDX_feaa87a4f6ffba273c2d676f11` (`user_preferSetting_id`)
) ENGINE=InnoDB DEFAULT CHARSET=utf8;
/*!40101 SET character_set_client = @saved_cs_client */;

--
-- Dumping data for table `user`
--

LOCK TABLES `user` WRITE;
/*!40000 ALTER TABLE `user` DISABLE KEYS */;
INSERT INTO `user` VALUES ('Angel123ewq','$2a$10$6Fu9S.XM4ZfLsu5yGUy.k.rn1K9gkAjivVBZMIx6ocQ3U/ShJzk1C','//cdn.suisuijiang.com/fiora/avatar/14.jpg?imageView2/3/w/88/h/88','2020-01-11 21:49:20',NULL,0,NULL,NULL,'0d87caba-13e8-4594-a5ac-425e00522f85'),('郑锦','$2a$10$2af7RYku42oC9LKqgfkF9urSZn/Mxj9B.oCwPmD00zUj/XJxka9OW','https://cdn.suisuijiang.com/fiora/avatar/4.jpg?imageView2/3/w/120/h/120','2020-01-05 16:22:54',NULL,0,NULL,NULL,'190d6e78-d59f-4817-82e1-42518b4fa47d'),('Angel1','$2a$10$Bju4NJBRRIYsm2RG.2jAVuNUeQvQ.wRSDILz5PLHSyynQWcfSiBYO','//cdn.suisuijiang.com/fiora/avatar/6.jpg?imageView2/3/w/88/h/88','2020-01-12 11:44:34',NULL,0,NULL,NULL,'1a0040e9-aaac-4f1e-852a-73fcc0f37d4d'),('Angelaaa','$2a$10$2wRZCmTRy9dRB2wt3WG6Fe1e52QcGWwWbADBObh4pUQxd2w3xDsF2','//cdn.suisuijiang.com/fiora/avatar/6.jpg?imageView2/3/w/88/h/88','2020-01-11 21:41:29',NULL,0,NULL,NULL,'1f7e1892-c5a0-45a0-b572-74a40e157409'),('Angelxixi','$2a$10$zKM2WvkXxBGSiecPv7zz/.AJw86uHmVZzvIzRv8T.FplcnfpePk5K','https://s2.ax1x.com/2020/01/29/1Q6Xx1.jpg','2020-01-11 21:31:31',NULL,1,NULL,NULL,'259c33ed-e7f7-433b-ba3d-4b0bd751b95f'),('ZHENG','$2a$10$hvL6XVS/Z1k/Q0gDZLtkZeufEiCLhOce.MBEPNRbhKW.Oj7EE8JMa','https://cdn.suisuijiang.com/fiora/avatar/4.jpg?imageView2/3/w/120/h/120','2020-01-24 19:36:26','2020-01-24 19:36:28',0,11,11,'2ca7a915-043d-49a8-8d81-f3d5ac25caf1'),('qwer2','$2a$10$s84Tb6L9qZbr448bDmLpC.sE2NMvRIXtc6ZgfMVmMWO7glui8ldS6','https://s2.ax1x.com/2020/01/29/1Q6O2R.jpg','2020-02-28 15:37:02','2020-02-28 15:37:05',0,16,16,'2e94e4a2-d949-4057-a1bf-a12773daa9a7'),('Angelxi','$2a$10$zJl9RFDUrRNbICKlgehwfOoKPZPH0mS7Hf4SpAnODkuLnCzeHWOoi','//cdn.suisuijiang.com/fiora/avatar/14.jpg?imageView2/3/w/88/h/88','2020-01-11 21:04:29',NULL,0,NULL,NULL,'30bcd635-de95-4746-9a82-9cea0d98dd85'),('Angelq','$2a$10$Xewbh8G0pDVLe/i8RlIb3etjUWD./bbDuxdMA/AFSdBw4WRmtWpYS','//cdn.suisuijiang.com/Avatar/5adad39555703565e7903f78_1545640960633?imageView2/3/w/88/h/88','2020-01-11 21:45:40',NULL,0,NULL,NULL,'322dff7e-87bb-4f1b-b5bf-1635fd0be910'),('QWER','$2a$10$DyUVJCO1789WX.Ht.XCeO.Vj89U3t6eMbL0EEi/N5kSbgX45vOyXe','https://s2.ax1x.com/2020/01/29/1Q6O2R.jpg','2020-01-24 19:55:37','2020-02-29 10:01:11',0,12,12,'33eaba35-288a-43cd-a219-dc94fd0a59ce'),('Angel','$2a$10$usEiN8SRTpUSAaZuJMX0wODiCDt2P2jDhiM.YOcppe48I4eAOly5m','https://s2.ax1x.com/2020/01/29/1Q6TVU.jpg','2019-12-29 22:00:11','2020-02-05 22:48:44',0,2,2,'45936ce9-9372-4eb7-b2e0-4539e1256b7f'),('Angelaa','$2a$10$9gwX02T35.RNrkPrjZUvceG0TlMQv85UtSCpyi0F8Ystidc/vij96','//cdn.suisuijiang.com/Avatar/5adad39555703565e7903f78_1545640960633?imageView2/3/w/88/h/88','2020-01-11 21:41:00',NULL,0,NULL,NULL,'51f184cf-8f57-4f40-9c2f-0f6bf7fdff41'),('Angelx','$2a$10$3J/d3WIditIbt.yoCL1bm.Ri0mlqPA1gAuZ8pSXIE3eh852dKRteG','//cdn.suisuijiang.com/fiora/avatar/14.jpg?imageView2/3/w/88/h/88','2020-01-11 21:34:08',NULL,0,NULL,NULL,'54709ff5-946e-4bc0-8ab3-e1f8ec6e5aa6'),('Angel7','$2a$10$5v/6w8EvYifgEyHg7CW1muRI8Nx60j5bZwpA1v8T6LCkpZflrdM7e','//cdn.suisuijiang.com/Avatar/5adad39555703565e7903f78_1545640960633?imageView2/3/w/88/h/88','2020-01-12 14:45:43',NULL,0,NULL,NULL,'5b7282c3-daa7-45a7-a417-d815ef77ceb0'),('Angel123321','$2a$10$RMmFbBBGglsrL8AXHiyOFey1UsjlPYbREspixCufjPB8VTx42iqc6','https://s2.ax1x.com/2020/01/29/1Q6H54.gif','2020-01-20 12:33:35','2020-01-20 12:33:37',1,7,7,'5b7c1619-65d6-4713-a2fe-432233046d13'),('asda','$2a$10$dVfsjp9yvoOjYOCHJPj2yeetKXMIrcX4uAbv0AcQKnirRshqNKNZ.','//cdn.suisuijiang.com/fiora/avatar/6.jpg?imageView2/3/w/88/h/88','2020-01-11 21:16:11',NULL,0,NULL,NULL,'5c71b6b6-9c8e-457e-afae-b0f5b7dc25a5'),('Angelxixixi','$2a$10$J6eTROKf.yFOU6CTNKm3EOxPcXZg9AvcJHtE8xlLCbsPozKDcfd66','https://s2.ax1x.com/2020/01/29/1Q6H54.gif','2019-12-30 17:29:12','2020-01-06 16:44:52',1,3,3,'680879a8-f6c0-4c98-9098-2fec30734206'),('Angel8','$2a$10$DpFzUPEZVCtdYQS97x342.efkYHDhCn9Fpkx2LvOxfOKTATdQJkVG','https://s2.ax1x.com/2020/01/29/1Q6qPJ.jpg','2020-01-12 14:51:54','2020-01-12 14:51:55',1,5,5,'6856d95e-0f01-475b-b406-bf7a09739f8f'),('Angelw','$2a$10$Oj0vCDOshHDndGlNi4Q38.2/AiG/93hUxj10DphqxLedA06z4H672','//cdn.suisuijiang.com/Avatar/5adad39555703565e7903f78_1545640960633?imageView2/3/w/88/h/88','2020-01-11 21:46:30',NULL,0,NULL,NULL,'6cbb6445-b675-4ee3-8e85-d506dcd7c4ad'),('Angelmmm','$2a$10$092PysxECg5NUfoofONO6Oqw6iUXa6fBQs3G.sWUWsM9aiFoFuooW','//cdn.suisuijiang.com/fiora/avatar/14.jpg?imageView2/3/w/88/h/88','2020-01-05 15:29:59',NULL,0,NULL,NULL,'6da197d0-07ff-4564-9af1-7e0e7479d5b7'),('oaemoare','$2a$10$m/1RsxS//8ZylND3itdfB.nVRwExtX/yF22FREiaQ.6PDGII37jd.','https://cdn.suisuijiang.com/fiora/avatar/4.jpg?imageView2/3/w/120/h/120','2020-01-22 20:56:46','2020-01-22 20:56:48',0,9,9,'6e8e2647-b40d-4358-a34e-1dd351f3570a'),('Angel321','$2a$10$zhfSU9jYJXJZn17jVBKvGugnbfiWuwAnwGDGJPz2mUnZi9kUqBs/O','//cdn.suisuijiang.com/fiora/avatar/6.jpg?imageView2/3/w/88/h/88','2020-01-12 11:42:08',NULL,0,NULL,NULL,'765efb5c-4b6b-46ed-96af-4dc73e4be983'),('REWQ','$2a$10$aZv5.d33oH2vaJnghKbcrOX1O2oz/jgRucNGm.JQojAR/fmYU2eIW','https://s2.ax1x.com/2020/01/29/1Q6Xx1.jpg','2020-02-02 14:37:18','2020-02-08 19:28:26',1,13,13,'8d818a76-ee38-4ae3-9299-7da37c59ec95'),('awefre','$2a$10$nLGzOsPsk3gIDOx3x2giXercrqm4yF1KCInuofNOTOVOSSKlJOPyS','//cdn.suisuijiang.com/fiora/avatar/6.jpg?imageView2/3/w/88/h/88','2020-01-22 21:46:19','2020-01-22 21:46:21',0,10,10,'94d79ccd-0594-42ff-9b0c-25c749e536ea'),('Angel9','$2a$10$eZyv9XwZtRmEKNSsuYe4LONJMVSE0hgkE5Bb1ItSrCcPcN8VmH/Ya','//cdn.suisuijiang.com/fiora/avatar/6.jpg?imageView2/3/w/88/h/88','2020-01-12 14:47:37',NULL,0,NULL,NULL,'98d29f96-4d5a-48f9-94fb-eaf7a3f061ee'),('Angel123','$2a$10$JHc89iIeqne2y3zHoC.qnuunDo9.ZmY42pe3qUodDmh1XU2DUaHTG','//cdn.suisuijiang.com/Avatar/5adad39555703565e7903f78_1545640960633?imageView2/3/w/88/h/88','2020-01-05 16:20:11',NULL,0,NULL,NULL,'b532cbca-f5dc-450d-8bb9-fcb601b4987b'),('qwer1','$2a$10$ejXuJeUYnn6GdsdhOZ/jdOf1C9G1AZ81v6Rj0AcD0vgHGhYSmaQiK','https://s2.ax1x.com/2020/01/29/1Q6H54.gif','2020-02-28 15:32:36','2020-02-28 15:36:33',0,15,15,'b623ab54-a3fe-439a-82fc-f34c4b9ed3a8'),('Angelle','$2a$10$Y4P3SNz8lkv3ZgHoZKk2GOuUS0CWL.F.i/bsBa2YMtkPlSMC9CDe.','//cdn.suisuijiang.com/fiora/avatar/6.jpg?imageView2/3/w/88/h/88','2020-01-17 16:01:20','2020-01-17 16:01:21',0,6,6,'c5ffa656-6269-4f29-a458-89c8218e3da3'),('Angel10','$2a$10$skldYU0dUBaaknISg0ZmV.GAb4x4EHmrHTQA3Fm9cjsHVlwFpD31m','//cdn.suisuijiang.com/fiora/avatar/14.jpg?imageView2/3/w/88/h/88','2020-01-12 14:49:31','2020-01-12 14:51:13',0,4,4,'d13aec91-1515-4ae6-af3a-4fcf94986ac1'),('Angel5','$2a$10$aFOm.yfeSlib1uX0LgPzCu8WgJ20PsS13RR/ZiwzxJBZUlA47oIfq','https://cdn.suisuijiang.com/fiora/avatar/4.jpg?imageView2/3/w/120/h/120','2020-01-12 11:42:52',NULL,0,NULL,NULL,'d3ef7a1d-d1c7-44d9-af5c-a850439d0512'),('Angele','$2a$10$b2sKzCQIqThmExlHeLqqxetcDHr/4xwfvLq2rmEuJ.oS27Ec6XRza','https://cdn.suisuijiang.com/fiora/avatar/4.jpg?imageView2/3/w/120/h/120','2020-01-11 21:49:01',NULL,0,NULL,NULL,'df619b06-b269-4cec-be4b-f79d75155211'),('郑锦彪','$2a$10$JDvuDRvntG0unc8Vyul95e1IJkYfXGeZXepZKACLnfTU1a/hWqpxy','//cdn.suisuijiang.com/fiora/avatar/6.jpg?imageView2/3/w/88/h/88','2020-01-05 16:20:58',NULL,0,NULL,NULL,'dfb867aa-9a73-4f8e-97f5-1dc0288b5693'),('Angeldaf','$2a$10$IhTDuBbHXO98Z7XGxR/tteg5rTwJP.cubTo8Y.ztsFkHkXLpWjYT6','//cdn.suisuijiang.com/Avatar/5adad39555703565e7903f78_1545640960633?imageView2/3/w/88/h/88','2020-01-11 21:35:16',NULL,0,NULL,NULL,'e0c9d574-619e-48bf-af92-3adbc47ee61c'),('ASDF','$2a$10$wAp6CBGtLLTa5jDBET1JqOIuPkFeQ2NPTuy/024vYz9qno2xSmEGu','https://s2.ax1x.com/2020/01/29/1Q6qPJ.jpg','2020-02-02 15:33:23','2020-02-02 15:33:25',0,14,14,'f9613f13-fe9d-447a-9bf5-7ad5e8695aec'),('Angel789','$2a$10$Z31IpJ.P/RXfgUXHWqYyZ.f.d8kSwbedxR3iNNxtT71OoDHQz/bdW','https://s2.ax1x.com/2020/01/29/1Q6Xx1.jpg','2020-01-20 12:46:27','2020-01-20 12:46:29',1,8,8,'fe4fa6b3-04ef-4524-be1b-94d906c1424d');
/*!40000 ALTER TABLE `user` ENABLE KEYS */;
UNLOCK TABLES;
/*!40103 SET TIME_ZONE=@OLD_TIME_ZONE */;

/*!40101 SET SQL_MODE=@OLD_SQL_MODE */;
/*!40014 SET FOREIGN_KEY_CHECKS=@OLD_FOREIGN_KEY_CHECKS */;
/*!40014 SET UNIQUE_CHECKS=@OLD_UNIQUE_CHECKS */;
/*!40101 SET CHARACTER_SET_CLIENT=@OLD_CHARACTER_SET_CLIENT */;
/*!40101 SET CHARACTER_SET_RESULTS=@OLD_CHARACTER_SET_RESULTS */;
/*!40101 SET COLLATION_CONNECTION=@OLD_COLLATION_CONNECTION */;
/*!40111 SET SQL_NOTES=@OLD_SQL_NOTES */;

-- Dump completed on 2020-03-02 17:37:29
